,,Column Index,0,1,2,3,4,5,6,7,8,9,10,11,12,13,14,15,16,17,18,19,20,21,22,23,24,25,26,27,28,29,30,31,32,33,34,35,36,37,38,39,40,41,42,43,44,45,46,47,48,49,50,51,52,53,54,55,56,57,58,59,60,61
,,Resistance Family,avion,avion,avion,batiment,blindage,blindage,blindage,blindage,blindage,blindage,blindage,blindage,blindage,blindage,blindage,blindage,blindage,blindage,blindage,blindage,blindage,blindage,blindage,blindage,blindage,blindage,blindage,blindage,blindage,blindage,blindage,blindage,blindage,blindage,canon,canon,canon,helico,helico,helico,infanterie,infanterie,infanterie,toit,toit,vehicule,vehicule,vehicule,vehicule_leger,infanterieWA,infanterieWA,infanterieWA,infanterieWA,infanterieWA,infanterieWA,infanterieWA,infanterieWA,infanterieWA,infanterieWA,infanterieWA,infanterieWA,infanterieWA
Row Index,Damage Family,Levels,1,2,3,1,1,2,3,4,5,6,7,8,9,10,11,12,13,14,15,16,17,18,19,20,21,22,23,24,25,26,27,28,29,30,1,2,3,1,2,3,1,2,3,1,2,1,2,3,1,1,2,3,4,5,6,7,8,9,10,11,12,13
0,ap,1,2.0,1.0,1.0,0.0,1.0,0.0,0.0,0.0,0.0,0.0,0.0,0.0,0.0,0.0,0.0,0.0,0.0,0.0,0.0,0.0,0.0,0.0,0.0,0.0,0.0,0.0,0.0,0.0,0.0,0.0,0.0,0.0,0.0,0.0,0.0,0.0,0.0,2.0,1.0,1.0,0.0,0.0,0.0,3,1.0,2.0,1.0,1.0,2.0,0.0,0.0,0.0,0.0,0.0,0.0,0.0,0.0,0.0,0.0,0.0,0.0,0.0
1,ap,2,4.0,2.0,1.0,0.0,2.0,1.0,0.0,0.0,0.0,0.0,0.0,0.0,0.0,0.0,0.0,0.0,0.0,0.0,0.0,0.0,0.0,0.0,0.0,0.0,0.0,0.0,0.0,0.0,0.0,0.0,0.0,0.0,0.0,0.0,0.0,0.0,0.0,4.0,2.0,1.0,0.0,0.0,0.0,3,1.0,4.0,2.0,1.0,4.0,0.0,0.0,0.0,0.0,0.0,0.0,0.0,0.0,0.0,0.0,0.0,0.0,0.0
2,ap,3,6.0,3.0,2.0,0.0,3.0,1.5,1.0,0.0,0.0,0.0,0.0,0.0,0.0,0.0,0.0,0.0,0.0,0.0,0.0,0.0,0.0,0.0,0.0,0.0,0.0,0.0,0.0,0.0,0.0,0.0,0.0,0.0,0.0,0.0,0.0,0.0,0.0,6.0,3.0,2.0,0.0,0.0,0.0,3,1.0,6.0,3.0,1.5,6.0,0.0,0.0,0.0,0.0,0.0,0.0,0.0,0.0,0.0,0.0,0.0,0.0,0.0
3,ap,4,8.0,4.0,3.0,0.0,4.0,2.0,1.5,1.0,0.0,0.0,0.0,0.0,0.0,0.0,0.0,0.0,0.0,0.0,0.0,0.0,0.0,0.0,0.0,0.0,0.0,0.0,0.0,0.0,0.0,0.0,0.0,0.0,0.0,0.0,0.0,0.0,0.0,8.0,4.0,3.0,0.0,0.0,0.0,3,1.0,8.0,4.0,2.0,8.0,0.0,0.0,0.0,0.0,0.0,0.0,0.0,0.0,0.0,0.0,0.0,0.0,0.0
4,ap,5,10.0,5.0,4.0,0.0,5.0,2.5,2.0,1.5,1.0,0.0,0.0,0.0,0.0,0.0,0.0,0.0,0.0,0.0,0.0,0.0,0.0,0.0,0.0,0.0,0.0,0.0,0.0,0.0,0.0,0.0,0.0,0.0,0.0,0.0,0.0,0.0,0.0,10.0,5.0,4.0,0.0,0.0,0.0,3,1.0,10.0,5.0,2.5,10.0,0.0,0.0,0.0,0.0,0.0,0.0,0.0,0.0,0.0,0.0,0.0,0.0,0.0
5,ap,6,12.0,6.0,5.0,0.0,6.0,3.0,2.5,2.0,1.5,1.0,0.0,0.0,0.0,0.0,0.0,0.0,0.0,0.0,0.0,0.0,0.0,0.0,0.0,0.0,0.0,0.0,0.0,0.0,0.0,0.0,0.0,0.0,0.0,0.0,0.0,0.0,0.0,12.0,6.0,5.0,0.0,0.0,0.0,3,1.0,12.0,6.0,3.0,12.0,0.0,0.0,0.0,0.0,0.0,0.0,0.0,0.0,0.0,0.0,0.0,0.0,0.0
6,ap,7,14.0,7.0,6.0,0.0,7.0,3.5,3.0,2.5,2.0,1.5,1.0,0.0,0.0,0.0,0.0,0.0,0.0,0.0,0.0,0.0,0.0,0.0,0.0,0.0,0.0,0.0,0.0,0.0,0.0,0.0,0.0,0.0,0.0,0.0,0.0,0.0,0.0,14.0,7.0,6.0,0.0,0.0,0.0,3,1.0,14.0,7.0,3.5,14.0,0.0,0.0,0.0,0.0,0.0,0.0,0.0,0.0,0.0,0.0,0.0,0.0,0.0
7,ap,8,16.0,8.0,7.0,0.0,8.0,4.0,3.5,3.0,2.5,2.0,1.5,1.0,0.0,0.0,0.0,0.0,0.0,0.0,0.0,0.0,0.0,0.0,0.0,0.0,0.0,0.0,0.0,0.0,0.0,0.0,0.0,0.0,0.0,0.0,0.0,0.0,0.0,16.0,8.0,7.0,0.0,0.0,0.0,3,1.0,16.0,8.0,4.0,16.0,0.0,0.0,0.0,0.0,0.0,0.0,0.0,0.0,0.0,0.0,0.0,0.0,0.0
8,ap,9,18.0,9.0,8.0,0.0,9.0,4.5,4.0,3.5,3.0,2.5,2.0,1.5,1.0,0.0,0.0,0.0,0.0,0.0,0.0,0.0,0.0,0.0,0.0,0.0,0.0,0.0,0.0,0.0,0.0,0.0,0.0,0.0,0.0,0.0,0.0,0.0,0.0,18.0,9.0,8.0,0.0,0.0,0.0,3,1.0,18.0,9.0,4.5,18.0,0.0,0.0,0.0,0.0,0.0,0.0,0.0,0.0,0.0,0.0,0.0,0.0,0.0
9,ap,10,20.0,10.0,9.0,0.0,10.0,5.0,4.5,4.0,3.5,3.0,2.5,2.0,1.5,1.0,0.0,0.0,0.0,0.0,0.0,0.0,0.0,0.0,0.0,0.0,0.0,0.0,0.0,0.0,0.0,0.0,0.0,0.0,0.0,0.0,0.0,0.0,0.0,20.0,10.0,9.0,0.0,0.0,0.0,3,1.0,20.0,10.0,5.0,20.0,0.0,0.0,0.0,0.0,0.0,0.0,0.0,0.0,0.0,0.0,0.0,0.0,0.0
10,ap,11,22.0,11.0,10.0,0.0,11.0,5.5,5.0,4.5,4.0,3.5,3.0,2.5,2.0,1.5,1.0,0.0,0.0,0.0,0.0,0.0,0.0,0.0,0.0,0.0,0.0,0.0,0.0,0.0,0.0,0.0,0.0,0.0,0.0,0.0,0.0,0.0,0.0,22.0,11.0,10.0,0.0,0.0,0.0,3,1.0,22.0,11.0,5.5,22.0,0.0,0.0,0.0,0.0,0.0,0.0,0.0,0.0,0.0,0.0,0.0,0.0,0.0
11,ap,12,24.0,12.0,11.0,0.0,12.0,6.0,5.5,5.0,4.5,4.0,3.5,3.0,2.5,2.0,1.5,1.0,0.0,0.0,0.0,0.0,0.0,0.0,0.0,0.0,0.0,0.0,0.0,0.0,0.0,0.0,0.0,0.0,0.0,0.0,0.0,0.0,0.0,24.0,12.0,11.0,0.0,0.0,0.0,3,1.0,24.0,12.0,6.0,24.0,0.0,0.0,0.0,0.0,0.0,0.0,0.0,0.0,0.0,0.0,0.0,0.0,0.0
12,ap,13,26.0,13.0,12.0,0.0,13.0,6.5,6.0,5.5,5.0,4.5,4.0,3.5,3.0,2.5,2.0,1.5,1.0,0.0,0.0,0.0,0.0,0.0,0.0,0.0,0.0,0.0,0.0,0.0,0.0,0.0,0.0,0.0,0.0,0.0,0.0,0.0,0.0,26.0,13.0,12.0,0.0,0.0,0.0,3,1.0,26.0,13.0,6.5,26.0,0.0,0.0,0.0,0.0,0.0,0.0,0.0,0.0,0.0,0.0,0.0,0.0,0.0
13,ap,14,28.0,14.0,13.0,0.0,14.0,7.0,6.5,6.0,5.5,5.0,4.5,4.0,3.5,3.0,2.5,2.0,1.5,1.0,0.0,0.0,0.0,0.0,0.0,0.0,0.0,0.0,0.0,0.0,0.0,0.0,0.0,0.0,0.0,0.0,0.0,0.0,0.0,28.0,14.0,13.0,0.0,0.0,0.0,3,1.0,28.0,14.0,7.0,28.0,0.0,0.0,0.0,0.0,0.0,0.0,0.0,0.0,0.0,0.0,0.0,0.0,0.0
14,ap,15,30.0,15.0,14.0,0.0,15.0,7.5,7.0,6.5,6.0,5.5,5.0,4.5,4.0,3.5,3.0,2.5,2.0,1.5,1.0,0.0,0.0,0.0,0.0,0.0,0.0,0.0,0.0,0.0,0.0,0.0,0.0,0.0,0.0,0.0,0.0,0.0,0.0,30.0,15.0,14.0,0.0,0.0,0.0,3,1.0,30.0,15.0,7.5,30.0,0.0,0.0,0.0,0.0,0.0,0.0,0.0,0.0,0.0,0.0,0.0,0.0,0.0
15,ap,16,32.0,16.0,15.0,0.0,16.0,8.0,7.5,7.0,6.5,6.0,5.5,5.0,4.5,4.0,3.5,3.0,2.5,2.0,1.5,1.0,0.0,0.0,0.0,0.0,0.0,0.0,0.0,0.0,0.0,0.0,0.0,0.0,0.0,0.0,0.0,0.0,0.0,32.0,16.0,15.0,0.0,0.0,0.0,3,1.0,32.0,16.0,8.0,32.0,0.0,0.0,0.0,0.0,0.0,0.0,0.0,0.0,0.0,0.0,0.0,0.0,0.0
16,ap,17,34.0,17.0,16.0,0.0,17.0,8.5,8.0,7.5,7.0,6.5,6.0,5.5,5.0,4.5,4.0,3.5,3.0,2.5,2.0,1.5,1.0,0.0,0.0,0.0,0.0,0.0,0.0,0.0,0.0,0.0,0.0,0.0,0.0,0.0,0.0,0.0,0.0,34.0,17.0,16.0,0.0,0.0,0.0,3,1.0,34.0,17.0,8.5,34.0,0.0,0.0,0.0,0.0,0.0,0.0,0.0,0.0,0.0,0.0,0.0,0.0,0.0
17,ap,18,36.0,18.0,17.0,0.0,18.0,9.0,8.5,8.0,7.5,7.0,6.5,6.0,5.5,5.0,4.5,4.0,3.5,3.0,2.5,2.0,1.5,1.0,0.0,0.0,0.0,0.0,0.0,0.0,0.0,0.0,0.0,0.0,0.0,0.0,0.0,0.0,0.0,36.0,18.0,17.0,0.0,0.0,0.0,3,1.0,36.0,18.0,9.0,36.0,0.0,0.0,0.0,0.0,0.0,0.0,0.0,0.0,0.0,0.0,0.0,0.0,0.0
18,ap,19,38.0,19.0,18.0,0.0,19.0,9.5,9.0,8.5,8.0,7.5,7.0,6.5,6.0,5.5,5.0,4.5,4.0,3.5,3.0,2.5,2.0,1.5,1.0,0.0,0.0,0.0,0.0,0.0,0.0,0.0,0.0,0.0,0.0,0.0,0.0,0.0,0.0,38.0,19.0,18.0,0.0,0.0,0.0,3,1.0,38.0,19.0,9.5,38.0,0.0,0.0,0.0,0.0,0.0,0.0,0.0,0.0,0.0,0.0,0.0,0.0,0.0
19,ap,20,40.0,20.0,19.0,0.0,20.0,10.0,9.5,9.0,8.5,8.0,7.5,7.0,6.5,6.0,5.5,5.0,4.5,4.0,3.5,3.0,2.5,2.0,1.5,1.0,0.0,0.0,0.0,0.0,0.0,0.0,0.0,0.0,0.0,0.0,0.0,0.0,0.0,40.0,20.0,19.0,0.0,0.0,0.0,3,1.0,40.0,20.0,10.0,40.0,0.0,0.0,0.0,0.0,0.0,0.0,0.0,0.0,0.0,0.0,0.0,0.0,0.0
20,ap,21,42.0,21.0,20.0,0.0,21.0,10.0,10.0,9.5,9.0,8.5,8.0,7.5,7.0,6.5,6.0,5.5,5.0,4.5,4.0,3.5,3.0,2.5,2.0,1.5,1.0,0.0,0.0,0.0,0.0,0.0,0.0,0.0,0.0,0.0,0.0,0.0,0.0,42.0,21.0,20.0,0.0,0.0,0.0,3,1.0,42.0,21.0,10.0,42.0,0.0,0.0,0.0,0.0,0.0,0.0,0.0,0.0,0.0,0.0,0.0,0.0,0.0
21,ap,22,44.0,22.0,21.0,0.0,22.0,10.0,10.0,10.0,9.5,9.0,8.5,8.0,7.5,7.0,6.5,6.0,5.5,5.0,4.5,4.0,3.5,3.0,2.5,2.0,1.5,1.0,0.0,0.0,0.0,0.0,0.0,0.0,0.0,0.0,0.0,0.0,0.0,44.0,22.0,21.0,0.0,0.0,0.0,3,1.0,44.0,22.0,10.0,44.0,0.0,0.0,0.0,0.0,0.0,0.0,0.0,0.0,0.0,0.0,0.0,0.0,0.0
22,ap,23,46.0,23.0,22.0,0.0,23.0,10.0,10.0,10.0,10.0,9.5,9.0,8.5,8.0,7.5,7.0,6.5,6.0,5.5,5.0,4.5,4.0,3.5,3.0,2.5,2.0,1.5,1.0,0.0,0.0,0.0,0.0,0.0,0.0,0.0,0.0,0.0,0.0,46.0,23.0,22.0,0.0,0.0,0.0,3,1.0,46.0,23.0,10.0,46.0,0.0,0.0,0.0,0.0,0.0,0.0,0.0,0.0,0.0,0.0,0.0,0.0,0.0
23,ap,24,48.0,24.0,23.0,0.0,24.0,10.0,10.0,10.0,10.0,10.0,9.5,9.0,8.5,8.0,7.5,7.0,6.5,6.0,5.5,5.0,4.5,4.0,3.5,3.0,2.5,2.0,1.5,1.0,0.0,0.0,0.0,0.0,0.0,0.0,0.0,0.0,0.0,48.0,24.0,23.0,0.0,0.0,0.0,3,1.0,48.0,24.0,10.0,48.0,0.0,0.0,0.0,0.0,0.0,0.0,0.0,0.0,0.0,0.0,0.0,0.0,0.0
24,ap,25,50.0,25.0,24.0,0.0,25.0,10.0,10.0,10.0,10.0,10.0,10.0,9.5,9.0,8.5,8.0,7.5,7.0,6.5,6.0,5.5,5.0,4.5,4.0,3.5,3.0,2.5,2.0,1.5,1.0,0.0,0.0,0.0,0.0,0.0,0.0,0.0,0.0,50.0,25.0,24.0,0.0,0.0,0.0,3,1.0,50.0,25.0,10.0,50.0,0.0,0.0,0.0,0.0,0.0,0.0,0.0,0.0,0.0,0.0,0.0,0.0,0.0
25,ap,26,52.0,26.0,25.0,0.0,26.0,10.0,10.0,10.0,10.0,10.0,10.0,10.0,9.5,9.0,8.5,8.0,7.5,7.0,6.5,6.0,5.5,5.0,4.5,4.0,3.5,3.0,2.5,2.0,1.5,1.0,0.0,0.0,0.0,0.0,0.0,0.0,0.0,52.0,26.0,25.0,0.0,0.0,0.0,3,1.0,52.0,26.0,10.0,52.0,0.0,0.0,0.0,0.0,0.0,0.0,0.0,0.0,0.0,0.0,0.0,0.0,0.0
26,ap,27,54.0,27.0,26.0,0.0,27.0,10.0,10.0,10.0,10.0,10.0,10.0,10.0,10.0,9.5,9.0,8.5,8.0,7.5,7.0,6.5,6.0,5.5,5.0,4.5,4.0,3.5,3.0,2.5,2.0,1.5,1.0,0.0,0.0,0.0,0.0,0.0,0.0,54.0,27.0,26.0,0.0,0.0,0.0,3,1.0,54.0,27.0,10.0,54.0,0.0,0.0,0.0,0.0,0.0,0.0,0.0,0.0,0.0,0.0,0.0,0.0,0.0
27,ap,28,56.0,28.0,27.0,0.0,28.0,10.0,10.0,10.0,10.0,10.0,10.0,10.0,10.0,10.0,9.5,9.0,8.5,8.0,7.5,7.0,6.5,6.0,5.5,5.0,4.5,4.0,3.5,3.0,2.5,2.0,1.5,1.0,0.0,0.0,0.0,0.0,0.0,56.0,28.0,27.0,0.0,0.0,0.0,3,1.0,56.0,28.0,10.0,56.0,0.0,0.0,0.0,0.0,0.0,0.0,0.0,0.0,0.0,0.0,0.0,0.0,0.0
28,ap,29,58.0,29.0,28.0,0.0,29.0,10.0,10.0,10.0,10.0,10.0,10.0,10.0,10.0,10.0,10.0,9.5,9.0,8.5,8.0,7.5,7.0,6.5,6.0,5.5,5.0,4.5,4.0,3.5,3.0,2.5,2.0,1.5,1.0,0.0,0.0,0.0,0.0,58.0,29.0,28.0,0.0,0.0,0.0,3,1.0,58.0,29.0,10.0,58.0,0.0,0.0,0.0,0.0,0.0,0.0,0.0,0.0,0.0,0.0,0.0,0.0,0.0
29,ap,30,60.0,30.0,29.0,0.0,30.0,10.0,10.0,10.0,10.0,10.0,10.0,10.0,10.0,10.0,10.0,10.0,9.5,9.0,8.5,8.0,7.5,7.0,6.5,6.0,5.5,5.0,4.5,4.0,3.5,3.0,2.5,2.0,1.5,1.0,0.0,0.0,0.0,60.0,30.0,29.0,0.0,0.0,0.0,3,1.0,60.0,30.0,10.0,60.0,0.0,0.0,0.0,0.0,0.0,0.0,0.0,0.0,0.0,0.0,0.0,0.0,0.0
30,ap,31,60.0,30.0,30.0,0.0,16.0,15.5,15.0,14.5,14.0,13.5,13.0,12.5,12.0,11.5,11.0,10.5,10.0,9.5,9.0,8.5,8.0,7.5,7.0,6.5,6.0,5.5,5.0,4.5,4.0,3.5,3.0,2.5,2.0,1.5,0.0,0.0,0.0,60.0,30.0,30.0,0.0,0.0,0.0,3,1.0,60.0,30.0,15.5,60.0,0.0,0.0,0.0,0.0,0.0,0.0,0.0,0.0,0.0,0.0,0.0,0.0,0.0
31,ap,32,60.0,30.0,30.0,0.0,16.5,16.0,15.5,15.0,14.5,14.0,13.5,13.0,12.5,12.0,11.5,11.0,10.5,10.0,9.5,9.0,8.5,8.0,7.5,7.0,6.5,6.0,5.5,5.0,4.5,4.0,3.5,3.0,2.5,2.0,0.0,0.0,0.0,60.0,30.0,30.0,0.0,0.0,0.0,3,1.0,60.0,30.0,16.0,60.0,0.0,0.0,0.0,0.0,0.0,0.0,0.0,0.0,0.0,0.0,0.0,0.0,0.0
32,ap,33,60.0,30.0,30.0,0.0,17.0,16.5,16.0,15.5,15.0,14.5,14.0,13.5,13.0,12.5,12.0,11.5,11.0,10.5,10.0,9.5,9.0,8.5,8.0,7.5,7.0,6.5,6.0,5.5,5.0,4.5,4.0,3.5,3.0,2.5,0.0,0.0,0.0,60.0,30.0,30.0,0.0,0.0,0.0,3,1.0,60.0,30.0,16.5,60.0,0.0,0.0,0.0,0.0,0.0,0.0,0.0,0.0,0.0,0.0,0.0,0.0,0.0
33,ap,34,60.0,30.0,30.0,0.0,17.5,17.0,16.5,16.0,15.5,15.0,14.5,14.0,13.5,13.0,12.5,12.0,11.5,11.0,10.5,10.0,9.5,9.0,8.5,8.0,7.5,7.0,6.5,6.0,5.5,5.0,4.5,4.0,3.5,3.0,0.0,0.0,0.0,60.0,30.0,30.0,0.0,0.0,0.0,3,1.0,60.0,30.0,17.0,60.0,0.0,0.0,0.0,0.0,0.0,0.0,0.0,0.0,0.0,0.0,0.0,0.0,0.0
34,ap,35,60.0,30.0,30.0,0.0,18.0,17.5,17.0,16.5,16.0,15.5,15.0,14.5,14.0,13.5,13.0,12.5,12.0,11.5,11.0,10.5,10.0,9.5,9.0,8.5,8.0,7.5,7.0,6.5,6.0,5.5,5.0,4.5,4.0,3.5,0.0,0.0,0.0,60.0,30.0,30.0,0.0,0.0,0.0,3,1.0,60.0,30.0,17.5,60.0,0.0,0.0,0.0,0.0,0.0,0.0,0.0,0.0,0.0,0.0,0.0,0.0,0.0
35,ap,36,60.0,30.0,30.0,0.0,18.5,18.0,17.5,17.0,16.5,16.0,15.5,15.0,14.5,14.0,13.5,13.0,12.5,12.0,11.5,11.0,10.5,10.0,9.5,9.0,8.5,8.0,7.5,7.0,6.5,6.0,5.5,5.0,4.5,4.0,0.0,0.0,0.0,60.0,30.0,30.0,0.0,0.0,0.0,3,1.0,60.0,30.0,18.0,60.0,0.0,0.0,0.0,0.0,0.0,0.0,0.0,0.0,0.0,0.0,0.0,0.0,0.0
36,ap,37,60.0,30.0,30.0,0.0,19.0,18.5,18.0,17.5,17.0,16.5,16.0,15.5,15.0,14.5,14.0,13.5,13.0,12.5,12.0,11.5,11.0,10.5,10.0,9.5,9.0,8.5,8.0,7.5,7.0,6.5,6.0,5.5,5.0,4.5,0.0,0.0,0.0,60.0,30.0,30.0,0.0,0.0,0.0,3,1.0,60.0,30.0,18.5,60.0,0.0,0.0,0.0,0.0,0.0,0.0,0.0,0.0,0.0,0.0,0.0,0.0,0.0
37,ap,38,60.0,30.0,30.0,0.0,19.5,19.0,18.5,18.0,17.5,17.0,16.5,16.0,15.5,15.0,14.5,14.0,13.5,13.0,12.5,12.0,11.5,11.0,10.5,10.0,9.5,9.0,8.5,8.0,7.5,7.0,6.5,6.0,5.5,5.0,0.0,0.0,0.0,60.0,30.0,30.0,0.0,0.0,0.0,3,1.0,60.0,30.0,19.0,60.0,0.0,0.0,0.0,0.0,0.0,0.0,0.0,0.0,0.0,0.0,0.0,0.0,0.0
38,ap,39,60.0,30.0,30.0,0.0,20.0,19.5,19.0,18.5,18.0,17.5,17.0,16.5,16.0,15.5,15.0,14.5,14.0,13.5,13.0,12.5,12.0,11.5,11.0,10.5,10.0,9.5,9.0,8.5,8.0,7.5,7.0,6.5,6.0,5.5,0.0,0.0,0.0,60.0,30.0,30.0,0.0,0.0,0.0,3,1.0,60.0,30.0,19.5,60.0,0.0,0.0,0.0,0.0,0.0,0.0,0.0,0.0,0.0,0.0,0.0,0.0,0.0
39,ap,40,60.0,30.0,30.0,0.0,20.5,20.0,19.5,19.0,18.5,18.0,17.5,17.0,16.5,16.0,15.5,15.0,14.5,14.0,13.5,13.0,12.5,12.0,11.5,11.0,10.5,10.0,9.5,9.0,8.5,8.0,7.5,7.0,6.5,6.0,0.0,0.0,0.0,60.0,30.0,30.0,0.0,0.0,0.0,3,1.0,60.0,30.0,20.0,60.0,0.0,0.0,0.0,0.0,0.0,0.0,0.0,0.0,0.0,0.0,0.0,0.0,0.0
40,ap_missile,1,2.0,1.0,1.0,0.0,1.0,1.0,1.0,1.0,1.0,1.0,1.0,1.0,1.0,1.0,1.0,1.0,1.0,1.0,1.0,1.0,1.0,1.0,1.0,1.0,1.0,1.0,1.0,1.0,1.0,1.0,0.0,0.0,0.0,0.0,0.0,0.0,0.0,2.0,1.0,1.0,0.0,0.0,0.0,1,0.0,2.0,1.0,1.0,2.0,0.0,0.0,0.0,0.0,0.0,0.0,0.0,0.0,0.0,0.0,0.0,0.0,0.0
41,ap_missile,2,4.0,2.0,1.0,0.0,2.0,1.0,1.0,1.0,1.0,1.0,1.0,1.0,1.0,1.0,1.0,1.0,1.0,1.0,1.0,1.0,1.0,1.0,1.0,1.0,1.0,1.0,1.0,1.0,1.0,1.0,1.0,1.0,1.0,1.0,0.0,0.0,0.0,4.0,2.0,1.0,0.0,0.0,0.0,4,4.0,4.0,2.0,1.0,4.0,0.0,0.0,0.0,0.0,0.0,0.0,0.0,0.0,0.0,0.0,0.0,0.0,0.0
42,ap_missile,3,6.0,3.0,1.0,0.0,3.0,1.5,1.0,1.0,1.0,1.0,1.0,1.0,1.0,1.0,1.0,1.0,1.0,1.0,1.0,1.0,1.0,1.0,1.0,1.0,1.0,1.0,1.0,1.0,1.0,1.0,1.0,1.0,1.0,1.0,0.0,0.0,0.0,6.0,3.0,1.0,0.0,0.0,0.0,6,6.0,6.0,3.0,1.5,6.0,0.0,0.0,0.0,0.0,0.0,0.0,0.0,0.0,0.0,0.0,0.0,0.0,0.0
43,ap_missile,4,8.0,4.0,1.0,0.0,4.0,2.0,1.5,1.0,1.0,1.0,1.0,1.0,1.0,1.0,1.0,1.0,1.0,1.0,1.0,1.0,1.0,1.0,1.0,1.0,1.0,1.0,1.0,1.0,1.0,1.0,1.0,1.0,1.0,1.0,0.0,0.0,0.0,8.0,4.0,1.0,0.0,0.0,0.0,8,8.0,8.0,4.0,2.0,8.0,0.0,0.0,0.0,0.0,0.0,0.0,0.0,0.0,0.0,0.0,0.0,0.0,0.0
44,ap_missile,5,10.0,5.0,1.0,0.0,5.0,2.5,2.0,1.5,1.0,1.0,1.0,1.0,1.0,1.0,1.0,1.0,1.0,1.0,1.0,1.0,1.0,1.0,1.0,1.0,1.0,1.0,1.0,1.0,1.0,1.0,1.0,1.0,1.0,1.0,0.0,0.0,0.0,10.0,5.0,1.0,0.0,0.0,0.0,10,10.0,10.0,5.0,2.5,10.0,0.0,0.0,0.0,0.0,0.0,0.0,0.0,0.0,0.0,0.0,0.0,0.0,0.0
45,ap_missile,6,12.0,6.0,1.0,0.0,6.0,3.0,2.5,2.0,1.5,1.0,1.0,1.0,1.0,1.0,1.0,1.0,1.0,1.0,1.0,1.0,1.0,1.0,1.0,1.0,1.0,1.0,1.0,1.0,1.0,1.0,1.0,1.0,1.0,1.0,0.0,0.0,0.0,12.0,6.0,1.0,0.0,0.0,0.0,12,12.0,12.0,6.0,3.0,12.0,0.0,0.0,0.0,0.0,0.0,0.0,0.0,0.0,0.0,0.0,0.0,0.0,0.0
46,ap_missile,7,14.0,7.0,1.0,0.0,7.0,3.5,3.0,2.5,2.0,1.5,1.0,1.0,1.0,1.0,1.0,1.0,1.0,1.0,1.0,1.0,1.0,1.0,1.0,1.0,1.0,1.0,1.0,1.0,1.0,1.0,1.0,1.0,1.0,1.0,0.0,0.0,0.0,14.0,7.0,1.0,0.0,0.0,0.0,14,14.0,14.0,7.0,3.5,14.0,0.0,0.0,0.0,0.0,0.0,0.0,0.0,0.0,0.0,0.0,0.0,0.0,0.0
47,ap_missile,8,16.0,8.0,1.0,0.0,8.0,4.0,3.5,3.0,2.5,2.0,1.5,1.0,1.0,1.0,1.0,1.0,1.0,1.0,1.0,1.0,1.0,1.0,1.0,1.0,1.0,1.0,1.0,1.0,1.0,1.0,1.0,1.0,1.0,1.0,0.0,0.0,0.0,16.0,8.0,1.0,0.0,0.0,0.0,16,16.0,16.0,8.0,4.0,16.0,0.0,0.0,0.0,0.0,0.0,0.0,0.0,0.0,0.0,0.0,0.0,0.0,0.0
48,ap_missile,9,18.0,9.0,1.0,0.0,9.0,4.5,4.0,3.5,3.0,2.5,2.0,1.5,1.0,1.0,1.0,1.0,1.0,1.0,1.0,1.0,1.0,1.0,1.0,1.0,1.0,1.0,1.0,1.0,1.0,1.0,1.0,1.0,1.0,1.0,0.0,0.0,0.0,18.0,9.0,1.0,0.0,0.0,0.0,18,18.0,18.0,9.0,4.5,18.0,0.0,0.0,0.0,0.0,0.0,0.0,0.0,0.0,0.0,0.0,0.0,0.0,0.0
49,ap_missile,10,20.0,10.0,1.0,0.0,10.0,5.0,4.5,4.0,3.5,3.0,2.5,2.0,1.5,1.0,1.0,1.0,1.0,1.0,1.0,1.0,1.0,1.0,1.0,1.0,1.0,1.0,1.0,1.0,1.0,1.0,1.0,1.0,1.0,1.0,0.0,0.0,0.0,20.0,10.0,1.0,0.0,0.0,0.0,20,20.0,20.0,10.0,5.0,20.0,0.0,0.0,0.0,0.0,0.0,0.0,0.0,0.0,0.0,0.0,0.0,0.0,0.0
50,ap_missile,11,22.0,11.0,1.0,0.0,11.0,5.5,5.0,4.5,4.0,3.5,3.0,2.5,2.0,1.5,1.0,1.0,1.0,1.0,1.0,1.0,1.0,1.0,1.0,1.0,1.0,1.0,1.0,1.0,1.0,1.0,1.0,1.0,1.0,1.0,0.0,0.0,0.0,22.0,11.0,1.0,0.0,0.0,0.0,22,22.0,22.0,11.0,5.5,22.0,0.0,0.0,0.0,0.0,0.0,0.0,0.0,0.0,0.0,0.0,0.0,0.0,0.0
51,ap_missile,12,24.0,12.0,1.0,0.0,12.0,6.0,5.5,5.0,4.5,4.0,3.5,3.0,2.5,2.0,1.5,1.0,1.0,1.0,1.0,1.0,1.0,1.0,1.0,1.0,1.0,1.0,1.0,1.0,1.0,1.0,1.0,1.0,1.0,1.0,0.0,0.0,0.0,24.0,12.0,1.0,0.0,0.0,0.0,24,24.0,24.0,12.0,12.0,24.0,0.0,0.0,0.0,0.0,0.0,0.0,0.0,0.0,0.0,0.0,0.0,0.0,0.0
52,ap_missile,13,26.0,13.0,1.0,0.0,13.0,7.0,6.0,5.5,5.0,4.5,4.0,3.5,3.0,2.5,2.0,1.5,1.0,1.0,1.0,1.0,1.0,1.0,1.0,1.0,1.0,1.0,1.0,1.0,1.0,1.0,1.0,1.0,1.0,1.0,0.0,0.0,0.0,26.0,13.0,1.0,0.0,0.0,0.0,26,26.0,26.0,13.0,7.0,26.0,0.0,0.0,0.0,0.0,0.0,0.0,0.0,0.0,0.0,0.0,0.0,0.0,0.0
53,ap_missile,14,28.0,14.0,1.0,0.0,14.0,8.0,7.0,6.0,5.5,5.0,4.5,4.0,3.5,3.0,2.5,2.0,1.5,1.0,1.0,1.0,1.0,1.0,1.0,1.0,1.0,1.0,1.0,1.0,1.0,1.0,1.0,1.0,1.0,1.0,0.0,0.0,0.0,28.0,14.0,1.0,0.0,0.0,0.0,28,28.0,28.0,14.0,8.0,28.0,0.0,0.0,0.0,0.0,0.0,0.0,0.0,0.0,0.0,0.0,0.0,0.0,0.0
54,ap_missile,15,30.0,15.0,1.0,0.0,15.0,9.0,8.0,7.0,6.0,5.5,5.0,4.5,4.0,3.5,3.0,2.5,2.0,1.5,1.0,1.0,1.0,1.0,1.0,1.0,1.0,1.0,1.0,1.0,1.0,1.0,1.0,1.0,1.0,1.0,0.0,0.0,0.0,30.0,15.0,1.0,0.0,0.0,0.0,30,30.0,30.0,15.0,9.0,30.0,0.0,0.0,0.0,0.0,0.0,0.0,0.0,0.0,0.0,0.0,0.0,0.0,0.0
55,ap_missile,16,32.0,16.0,1.0,0.0,16.0,10.0,9.0,8.0,7.0,6.0,5.5,5.0,4.5,4.0,3.5,3.0,2.5,2.0,1.5,1.0,1.0,1.0,1.0,1.0,1.0,1.0,1.0,1.0,1.0,1.0,1.0,1.0,1.0,1.0,0.0,0.0,0.0,32.0,16.0,1.0,0.0,0.0,0.0,32,32.0,32.0,16.0,10.0,32.0,0.0,0.0,0.0,0.0,0.0,0.0,0.0,0.0,0.0,0.0,0.0,0.0,0.0
56,ap_missile,17,34.0,17.0,1.0,0.0,17.0,11.0,10.0,9.0,8.0,7.0,6.0,5.5,5.0,4.5,4.0,3.5,3.0,2.5,2.0,1.5,1.0,1.0,1.0,1.0,1.0,1.0,1.0,1.0,1.0,1.0,1.0,1.0,1.0,1.0,0.0,0.0,0.0,34.0,17.0,1.0,0.0,0.0,0.0,34,34.0,34.0,17.0,11.0,34.0,0.0,0.0,0.0,0.0,0.0,0.0,0.0,0.0,0.0,0.0,0.0,0.0,0.0
57,ap_missile,18,36.0,18.0,1.0,0.0,18.0,12.0,11.0,10.0,9.0,8.0,7.0,6.0,5.5,5.0,4.5,4.0,3.5,3.0,2.5,2.0,1.5,1.0,1.0,1.0,1.0,1.0,1.0,1.0,1.0,1.0,1.0,1.0,1.0,1.0,0.0,0.0,0.0,36.0,18.0,1.0,0.0,0.0,0.0,36,36.0,36.0,18.0,12.0,36.0,0.0,0.0,0.0,0.0,0.0,0.0,0.0,0.0,0.0,0.0,0.0,0.0,0.0
58,ap_missile,19,38.0,19.0,1.0,0.0,19.0,13.0,12.0,11.0,10.0,9.0,8.0,7.0,6.0,5.5,5.0,4.5,4.0,3.5,3.0,2.5,2.0,1.5,1.0,1.0,1.0,1.0,1.0,1.0,1.0,1.0,1.0,1.0,1.0,1.0,0.0,0.0,0.0,38.0,19.0,1.0,0.0,0.0,0.0,38,38.0,38.0,19.0,13.0,38.0,0.0,0.0,0.0,0.0,0.0,0.0,0.0,0.0,0.0,0.0,0.0,0.0,0.0
59,ap_missile,20,40.0,20.0,1.0,0.0,20.0,14.0,13.0,12.0,11.0,10.0,9.0,8.0,7.0,6.0,5.5,5.0,4.5,4.0,3.5,3.0,2.5,2.0,1.5,1.0,1.0,1.0,1.0,1.0,1.0,1.0,1.0,1.0,1.0,1.0,0.0,0.0,0.0,40.0,20.0,1.0,0.0,0.0,0.0,40,40.0,40.0,20.0,14.0,40.0,0.0,0.0,0.0,0.0,0.0,0.0,0.0,0.0,0.0,0.0,0.0,0.0,0.0
60,ap_missile,21,42.0,21.0,1.0,0.0,21.0,15.0,14.0,13.0,12.0,11.0,10.0,9.0,8.0,7.0,6.0,5.5,5.0,4.5,4.0,3.5,3.0,2.5,2.0,1.5,1.0,1.0,1.0,1.0,1.0,1.0,1.0,1.0,1.0,1.0,0.0,0.0,0.0,42.0,21.0,1.0,0.0,0.0,0.0,42,42.0,42.0,21.0,15.0,42.0,0.0,0.0,0.0,0.0,0.0,0.0,0.0,0.0,0.0,0.0,0.0,0.0,0.0
61,ap_missile,22,44.0,22.0,1.0,0.0,22.0,16.0,15.0,14.0,13.0,12.0,11.0,10.0,9.0,8.0,7.0,6.0,5.5,5.0,4.5,4.0,3.5,3.0,2.5,2.0,1.5,1.0,1.0,1.0,1.0,1.0,1.0,1.0,1.0,1.0,0.0,0.0,0.0,44.0,22.0,1.0,0.0,0.0,0.0,44,44.0,44.0,22.0,16.0,44.0,0.0,0.0,0.0,0.0,0.0,0.0,0.0,0.0,0.0,0.0,0.0,0.0,0.0
62,ap_missile,23,46.0,23.0,1.0,0.0,23.0,17.0,16.0,15.0,14.0,13.0,12.0,11.0,10.0,9.0,8.0,7.0,6.0,5.5,5.0,4.5,4.0,3.5,3.0,2.5,2.0,1.5,1.0,1.0,1.0,1.0,1.0,1.0,1.0,1.0,0.0,0.0,0.0,46.0,23.0,1.0,0.0,0.0,0.0,46,46.0,46.0,23.0,17.0,46.0,0.0,0.0,0.0,0.0,0.0,0.0,0.0,0.0,0.0,0.0,0.0,0.0,0.0
63,ap_missile,24,48.0,24.0,1.0,0.0,24.0,18.0,17.0,16.0,15.0,14.0,13.0,12.0,11.0,10.0,9.0,8.0,7.0,6.0,5.5,5.0,4.5,4.0,3.5,3.0,2.5,2.0,1.5,1.0,1.0,1.0,1.0,1.0,1.0,1.0,0.0,0.0,0.0,48.0,24.0,1.0,0.0,0.0,0.0,48,48.0,48.0,24.0,18.0,48.0,0.0,0.0,0.0,0.0,0.0,0.0,0.0,0.0,0.0,0.0,0.0,0.0,0.0
64,ap_missile,25,50.0,25.0,1.0,0.0,25.0,19.0,18.0,17.0,16.0,15.0,14.0,13.0,12.0,11.0,10.0,9.0,8.0,7.0,6.0,5.5,5.0,4.5,4.0,3.5,3.0,2.5,2.0,1.5,1.0,1.0,1.0,1.0,1.0,1.0,0.0,0.0,0.0,50.0,25.0,1.0,0.0,0.0,0.0,50,50.0,50.0,25.0,19.0,50.0,0.0,0.0,0.0,0.0,0.0,0.0,0.0,0.0,0.0,0.0,0.0,0.0,0.0
65,ap_missile,26,52.0,26.0,1.0,0.0,26.0,20.0,19.0,18.0,17.0,16.0,15.0,14.0,13.0,12.0,11.0,10.0,9.0,8.0,7.0,6.0,5.5,5.0,4.5,4.0,3.5,3.0,2.5,2.0,1.5,1.0,1.0,1.0,1.0,1.0,0.0,0.0,0.0,52.0,26.0,1.0,0.0,0.0,0.0,52,52.0,52.0,26.0,20.0,52.0,0.0,0.0,0.0,0.0,0.0,0.0,0.0,0.0,0.0,0.0,0.0,0.0,0.0
66,ap_missile,27,54.0,27.0,1.0,0.0,27.0,21.0,20.0,19.0,18.0,17.0,16.0,15.0,14.0,13.0,12.0,11.0,10.0,9.0,8.0,7.0,6.0,5.5,5.0,4.5,4.0,3.5,3.0,2.5,2.0,1.5,1.0,1.0,1.0,1.0,0.0,0.0,0.0,54.0,27.0,1.0,0.0,0.0,0.0,54,54.0,54.0,27.0,21.0,54.0,0.0,0.0,0.0,0.0,0.0,0.0,0.0,0.0,0.0,0.0,0.0,0.0,0.0
67,ap_missile,28,56.0,28.0,1.0,0.0,28.0,22.0,21.0,20.0,19.0,18.0,17.0,16.0,15.0,14.0,13.0,12.0,11.0,10.0,9.0,8.0,7.0,6.0,5.5,5.0,4.5,4.0,3.5,3.0,2.5,2.0,1.5,1.0,1.0,1.0,0.0,0.0,0.0,56.0,28.0,1.0,0.0,0.0,0.0,56,56.0,56.0,28.0,22.0,56.0,0.0,0.0,0.0,0.0,0.0,0.0,0.0,0.0,0.0,0.0,0.0,0.0,0.0
68,ap_missile,29,58.0,29.0,1.0,0.0,29.0,23.0,22.0,21.0,20.0,19.0,18.0,17.0,16.0,15.0,14.0,13.0,12.0,11.0,10.0,9.0,8.0,7.0,6.0,5.5,5.0,4.5,4.0,3.5,3.0,2.5,2.0,1.5,1.0,1.0,0.0,0.0,0.0,58.0,29.0,1.0,0.0,0.0,0.0,58,58.0,58.0,29.0,23.0,58.0,0.0,0.0,0.0,0.0,0.0,0.0,0.0,0.0,0.0,0.0,0.0,0.0,0.0
69,ap_missile,30,60.0,30.0,1.0,0.0,30.0,24.0,23.0,22.0,21.0,20.0,19.0,18.0,17.0,16.0,15.0,14.0,13.0,12.0,11.0,10.0,9.0,8.0,7.0,6.0,5.5,5.0,4.5,4.0,3.5,3.0,2.5,2.0,1.5,1.0,0.0,0.0,0.0,60.0,30.0,1.0,0.0,0.0,0.0,60,60.0,60.0,30.0,24.0,60.0,0.0,0.0,0.0,0.0,0.0,0.0,0.0,0.0,0.0,0.0,0.0,0.0,0.0
70,ap_missile,31,62.0,1.0,1.0,0.0,1.0,1.0,1.0,1.0,1.0,1.0,1.0,1.0,1.0,1.0,1.0,1.0,1.0,1.0,1.0,1.0,1.0,1.0,1.0,1.0,1.0,1.0,1.0,1.0,1.0,1.0,1.0,1.0,1.0,1.0,0.0,0.0,0.0,62.0,1.0,1.0,0.0,0.0,0.0,62,62.0,62.0,30.0,24.0,62.0,0.0,0.0,0.0,0.0,0.0,0.0,0.0,0.0,0.0,0.0,0.0,0.0,0.0
71,ap_missile_sead,1,40.0,20.0,1.0,0.0,20.0,14.0,13.0,12.0,11.0,10.0,9.0,8.0,7.0,6.0,5.5,5.0,4.5,4.0,3.5,3.0,2.5,2.0,1.5,1.0,1.0,1.0,1.0,1.0,1.0,1.0,1.0,1.0,1.0,1.0,0.0,0.0,0.0,40.0,20.0,1.0,5.0,0.0,0.0,40,40.0,40.0,20.0,14.0,40.0,5.0,5.0,5.0,5.0,5.0,5.0,5.0,5.0,5.0,5.0,5.0,5.0,5.0
72,ap_missile_sead,2,56.0,28.0,1.0,0.0,28.0,22.0,21.0,20.0,19.0,18.0,17.0,16.0,15.0,14.0,13.0,12.0,11.0,10.0,9.0,8.0,7.0,6.0,5.5,5.0,4.5,4.0,3.5,3.0,2.5,2.0,1.5,1.0,1.0,1.0,0.0,0.0,0.0,56.0,28.0,1.0,5.0,0.0,0.0,56,56.0,56.0,28.0,22.0,56.0,5.0,5.0,5.0,5.0,5.0,5.0,5.0,5.0,5.0,5.0,5.0,5.0,5.0
73,ap_missile_sead,3,60.0,30.0,1.0,0.0,30.0,24.0,23.0,22.0,21.0,20.0,19.0,18.0,17.0,16.0,15.0,14.0,13.0,12.0,11.0,10.0,9.0,8.0,7.0,6.0,5.5,5.0,4.5,4.0,3.5,3.0,2.5,2.0,1.5,1.0,0.0,0.0,0.0,60.0,30.0,1.0,5.0,0.0,0.0,60,60.0,60.0,30.0,24.0,60.0,5.0,5.0,5.0,5.0,5.0,5.0,5.0,5.0,5.0,5.0,5.0,5.0,5.0
74,artillerie,1,1.0,1.0,1.0,1.0,1.0,0.95,0.9,0.86,0.82,0.8,0.76,0.72,0.68,0.65,0.62,0.59,0.56,0.53,0.5,0.48,0.46,0.44,0.42,0.4,0.38,0.36,0.34,0.32,0.3,0.29,0.28,0.27,0.26,0.25,0.75,0.5,0.25,1.0,1.0,1.0,1.0,0.5,0.5,8,6.0,4.0,1.0,0.95,4.0,1.0,1.0,1.0,1.0,1.0,1.0,1.0,1.0,1.0,1.0,1.0,1.0,1.0
75,assaut,1,1.0,1.0,1.0,1.0,1.0,1.0,1.0,1.0,1.0,1.0,1.0,1.0,1.0,1.0,1.0,1.0,1.0,1.0,1.0,1.0,1.0,1.0,1.0,1.0,1.0,1.0,1.0,1.0,1.0,1.0,1.0,1.0,1.0,1.0,1.0,1.0,1.0,1.0,1.0,1.0,1.0,1.0,1.0,1,0.0,1.0,1.0,1.0,1.0,1.0,1.0,1.0,1.0,1.0,1.0,1.0,1.0,1.0,1.0,1.0,1.0,1.0
76,balle,1,1.0,1.0,1.0,0.01,0.0,0.0,0.0,0.0,0.0,0.0,0.0,0.0,0.0,0.0,0.0,0.0,0.0,0.0,0.0,0.0,0.0,0.0,0.0,0.0,0.0,0.0,0.0,0.0,0.0,0.0,0.0,0.0,0.0,0.0,1.0,1.0,1.0,1.0,1.0,1.0,1.0,1.0,1.0,0,0.0,1.0,0.0,0.0,1.0,1.0,1.0,1.0,1.0,1.0,1.0,1.0,1.0,1.0,1.0,1.0,1.0,1.0
77,balleaa,1,1.0,1.0,1.0,0.01,0.0,0.0,0.0,0.0,0.0,0.0,0.0,0.0,0.0,0.0,0.0,0.0,0.0,0.0,0.0,0.0,0.0,0.0,0.0,0.0,0.0,0.0,0.0,0.0,0.0,0.0,0.0,0.0,0.0,0.0,0.2,0.2,0.2,1.0,1.0,1.0,0.2,0.05,0.05,4,0.5,0.6,0.0,0.0,0.6,0.2,0.2,0.2,0.2,0.2,0.2,0.2,0.2,0.2,0.2,0.2,0.2,0.2
78,balledca,1,1.0,0.9,0.8,0.1,0.75,0.5,0.25,0.1,0.1,0.1,0.1,0.01,0.01,0.01,0.01,0.01,0.01,0.01,0.01,0.01,0.01,0.01,0.01,0.01,0.01,0.01,0.01,0.01,0.01,0.01,0.01,0.01,0.01,0.01,1.0,1.0,1.0,2.5,1.8,1.7,1.0,1.0,1.0,1,1.0,1.25,0.75,0.5,1.25,1.0,1.0,1.0,1.0,1.0,1.0,1.0,1.0,1.0,1.0,1.0,1.0,1.0
79,balledca,2,1.0,1.0,0.8,0.01,1.5,1.0,1.0,0.0,0.0,0.0,0.0,0.0,0.0,0.0,0.0,0.0,0.0,0.0,0.0,0.0,0.0,0.0,0.0,0.0,0.0,0.0,0.0,0.0,0.0,0.0,0.0,0.0,0.0,0.0,1.0,1.0,1.0,1.0,1.0,0.8,1.02,0.5,0.5,0,0.0,2.0,1.5,1.0,2.0,1.02,1.02,1.02,1.02,1.02,1.02,1.02,1.02,1.02,1.02,1.02,1.02,1.02
80,balledca,3,1.0,1.0,0.8,0.01,2.0,1.5,1.0,0.0,0.0,0.0,0.0,0.0,0.0,0.0,0.0,0.0,0.0,0.0,0.0,0.0,0.0,0.0,0.0,0.0,0.0,0.0,0.0,0.0,0.0,0.0,0.0,0.0,0.0,0.0,1.0,1.0,1.0,1.0,1.0,0.8,1.36,0.5,0.5,0,0.0,2.5,2.0,1.5,2.5,1.36,1.36,1.36,1.36,1.36,1.36,1.36,1.36,1.36,1.36,1.36,1.36,1.36
81,balledca,4,1.0,1.0,0.8,0.01,2.0,1.5,1.0,0.0,0.0,0.0,0.0,0.0,0.0,0.0,0.0,0.0,0.0,0.0,0.0,0.0,0.0,0.0,0.0,0.0,0.0,0.0,0.0,0.0,0.0,0.0,0.0,0.0,0.0,0.0,1.0,1.0,1.0,1.0,1.0,0.8,1.36,0.5,0.5,0,0.0,2.5,2.0,1.5,2.5,1.36,1.36,1.36,1.36,1.36,1.36,1.36,1.36,1.36,1.36,1.36,1.36,1.36
82,balle_mg,1,1.0,1.0,1.0,0.01,0.0,0.0,0.0,0.0,0.0,0.0,0.0,0.0,0.0,0.0,0.0,0.0,0.0,0.0,0.0,0.0,0.0,0.0,0.0,0.0,0.0,0.0,0.0,0.0,0.0,0.0,0.0,0.0,0.0,0.0,1.0,1.0,1.0,1.0,1.0,1.0,1.0,0.1,0.01,0,0.0,3.0,0.0,0.0,3.0,1.0,1.0,1.0,1.0,1.0,1.0,1.0,1.0,1.0,1.0,1.0,1.0,1.0
83,bombe,1,1.0,1.0,1.0,2.0,1.0,0.75,0.71,0.67,0.64,0.61,0.58,0.55,0.52,0.49,0.47,0.45,0.43,0.41,0.39,0.37,0.35,0.33,0.31,0.29,0.28,0.27,0.26,0.25,0.24,0.23,0.22,0.21,0.2,0.19,1.0,1.0,1.0,1.0,1.0,1.0,1.5,1.0,1.0,1,1.0,1.25,1.0,1.0,1.5,1.0,1.0,1.0,1.0,1.0,1.0,1.0,1.0,1.0,1.0,1.0,1.0,1.0
84,cac,1,1.0,1.0,1.0,1.5,1.0,1.0,1.0,1.0,0.5,0.4,0.3,0.2,0.15,0.1,0.1,0.05,0.05,0.01,0.01,0.01,0.01,0.01,0.01,0.01,0.01,0.01,0.01,0.01,0.01,0.01,0.01,0.01,0.01,0.01,1.0,1.0,1.0,1.0,1.0,1.0,1.0,1.0,1.0,8,1.0,1.25,1.0,1.0,1.25,1.0,1.0,1.0,1.0,1.0,1.0,1.0,1.0,1.0,1.0,1.0,1.0,1.0
85,cac,2,1.0,1.0,1.0,1.25,1.0,1.0,0.75,0.5,0.0,0.0,0.0,0.0,0.0,0.0,0.0,0.0,0.0,0.0,0.0,0.0,0.0,0.0,0.0,0.0,0.0,0.0,0.0,0.0,0.0,0.0,0.0,0.0,0.0,0.0,1.0,1.0,1.0,1.0,1.0,1.0,1.0,1.0,1.0,8,1.0,1.5,1.5,1.5,1.5,1.0,1.0,1.0,1.0,1.0,1.0,1.0,1.0,1.0,1.0,1.0,1.0,1.0
86,cac,3,1.0,1.0,1.0,0.0,1.0,1.0,1.0,1.0,0.5,0.4,0.3,0.2,0.15,0.1,0.1,0.05,0.05,0.01,0.01,0.01,0.01,0.01,0.01,0.01,0.01,0.01,0.01,0.01,0.01,0.01,0.01,0.01,0.01,0.01,1.0,1.0,1.0,1.0,1.0,1.0,1.0,1.0,1.0,8,1.0,1.0,1.0,1.0,1.0,1.0,1.0,1.0,1.0,1.0,1.0,1.0,1.0,1.0,1.0,1.0,1.0,1.0
87,cac,4,1.0,1.0,1.0,1.0,1.0,1.0,1.0,1.0,0.5,0.4,0.3,0.2,0.15,0.1,0.1,0.05,0.05,0.01,0.01,0.01,0.01,0.01,0.01,0.01,0.01,0.01,0.01,0.01,0.01,0.01,0.01,0.01,0.01,0.01,1.0,1.0,1.0,1.0,1.0,1.0,1.0,1.0,1.0,8,1.0,1.0,1.0,1.0,1.0,1.0,1.0,1.0,1.0,1.0,1.0,1.0,1.0,1.0,1.0,1.0,1.0,1.0
88,clu_sol_ap,1,3.0,3.0,2.0,0.2,1.0,1.0,1.0,1.0,1.0,0.1,0.1,0.1,0.1,0.1,0.1,0.1,0.1,0.1,0.1,0.1,0.1,0.1,0.1,0.1,0.1,0.1,0.1,0.1,0.1,0.1,0.1,0.1,0.1,0.1,0.5,0.5,0.5,3.0,3.0,2.0,1.0,1.0,1.0,8.0,6.0,2.0,1.0,3.0,2.0,1.0,1.0,1.0,1.0,1.0,1.0,1.0,1.0,1.0,1.0,1.0,1.0,1.0
89,clu_sol_ap,2,3.0,3.0,2.0,0.2,2.0,1.0,1.0,1.0,1.0,0.1,0.1,0.1,0.1,0.1,0.1,0.1,0.1,0.1,0.1,0.1,0.1,0.1,0.1,0.1,0.1,0.1,0.1,0.1,0.1,0.1,0.1,0.1,0.1,0.1,0.5,0.5,0.5,3.0,3.0,2.0,1.0,1.0,1.0,8.0,6.0,4.0,2.0,3.0,4.0,1.0,1.0,1.0,1.0,1.0,1.0,1.0,1.0,1.0,1.0,1.0,1.0,1.0
90,clu_sol_ap,3,3.0,3.0,2.0,0.2,3.0,1.5,1.0,1.0,1.0,0.1,0.1,0.1,0.1,0.1,0.1,0.1,0.1,0.1,0.1,0.1,0.1,0.1,0.1,0.1,0.1,0.1,0.1,0.1,0.1,0.1,0.1,0.1,0.1,0.1,0.5,0.5,0.5,3.0,3.0,2.0,1.0,1.0,1.0,8.0,6.0,6.0,3.0,3.0,6.0,1.0,1.0,1.0,1.0,1.0,1.0,1.0,1.0,1.0,1.0,1.0,1.0,1.0
91,clu_sol_ap,4,3.0,3.0,2.0,0.2,4.0,2.0,1.5,1.0,1.0,0.1,0.1,0.1,0.1,0.1,0.1,0.1,0.1,0.1,0.1,0.1,0.1,0.1,0.1,0.1,0.1,0.1,0.1,0.1,0.1,0.1,0.1,0.1,0.1,0.1,0.5,0.5,0.5,3.0,3.0,2.0,1.0,1.0,1.0,8.0,6.0,8.0,4.0,3.0,8.0,1.0,1.0,1.0,1.0,1.0,1.0,1.0,1.0,1.0,1.0,1.0,1.0,1.0
92,clu_sol_ap,5,3.0,3.0,2.0,0.2,5.0,2.5,2.0,1.5,1.0,0.1,0.1,0.1,0.1,0.1,0.1,0.1,0.1,0.1,0.1,0.1,0.1,0.1,0.1,0.1,0.1,0.1,0.1,0.1,0.1,0.1,0.1,0.1,0.1,0.1,0.5,0.5,0.5,3.0,3.0,2.0,1.0,1.0,1.0,8.0,6.0,10.0,5.0,3.0,10.0,1.0,1.0,1.0,1.0,1.0,1.0,1.0,1.0,1.0,1.0,1.0,1.0,1.0
93,clu_sol_ap,6,3.0,3.0,2.0,0.2,6.0,3.0,2.5,2.0,1.5,0.1,0.1,0.1,0.1,0.1,0.1,0.1,0.1,0.1,0.1,0.1,0.1,0.1,0.1,0.1,0.1,0.1,0.1,0.1,0.1,0.1,0.1,0.1,0.1,0.1,0.5,0.5,0.5,3.0,3.0,2.0,1.2,1.2,1.2,8.0,6.0,12.0,6.0,3.0,12.0,1.2,1.2,1.2,1.2,1.2,1.2,1.2,1.2,1.2,1.2,1.2,1.2,1.2
94,clu_sol_ap,7,3.0,3.0,2.0,0.2,7.0,3.5,3.0,2.5,2.0,0.1,0.1,0.1,0.1,0.1,0.1,0.1,0.1,0.1,0.1,0.1,0.1,0.1,0.1,0.1,0.1,0.1,0.1,0.1,0.1,0.1,0.1,0.1,0.1,0.1,0.5,0.5,0.5,3.0,3.0,2.0,1.4,1.4,1.4,8.0,6.0,14.0,7.0,3.0,14.0,1.4,1.4,1.4,1.4,1.4,1.4,1.4,1.4,1.4,1.4,1.4,1.4,1.4
95,clu_sol_ap,8,3.0,3.0,2.0,0.2,8.0,4.0,3.5,3.0,2.5,0.1,0.1,0.1,0.1,0.1,0.1,0.1,0.1,0.1,0.1,0.1,0.1,0.1,0.1,0.1,0.1,0.1,0.1,0.1,0.1,0.1,0.1,0.1,0.1,0.1,0.5,0.5,0.5,3.0,3.0,2.0,1.6,1.6,1.6,8.0,6.0,16.0,8.0,3.0,16.0,1.6,1.6,1.6,1.6,1.6,1.6,1.6,1.6,1.6,1.6,1.6,1.6,1.6
96,clu_sol_ap,9,3.0,3.0,2.0,0.2,9.0,4.5,4.0,3.5,3.0,0.1,0.1,0.1,0.1,0.1,0.1,0.1,0.1,0.1,0.1,0.1,0.1,0.1,0.1,0.1,0.1,0.1,0.1,0.1,0.1,0.1,0.1,0.1,0.1,0.1,0.5,0.5,0.5,3.0,3.0,2.0,1.8,1.8,1.8,8.0,6.0,18.0,9.0,3.0,18.0,1.8,1.8,1.8,1.8,1.8,1.8,1.8,1.8,1.8,1.8,1.8,1.8,1.8
97,clu_sol_ap,10,3.0,3.0,2.0,0.2,10.0,5.0,4.5,4.0,3.5,0.1,0.1,0.1,0.1,0.1,0.1,0.1,0.1,0.1,0.1,0.1,0.1,0.1,0.1,0.1,0.1,0.1,0.1,0.1,0.1,0.1,0.1,0.1,0.1,0.1,0.5,0.5,0.5,3.0,3.0,2.0,2.0,2.0,2.0,8.0,6.0,20.0,10.0,3.0,20.0,2.0,2.0,2.0,2.0,2.0,2.0,2.0,2.0,2.0,2.0,2.0,2.0,2.0
98,clu_sol_ap,11,3.0,3.0,2.0,0.2,11.0,5.5,5.0,4.5,4.0,0.1,0.1,0.1,0.1,0.1,0.1,0.1,0.1,0.1,0.1,0.1,0.1,0.1,0.1,0.1,0.1,0.1,0.1,0.1,0.1,0.1,0.1,0.1,0.1,0.1,0.5,0.5,0.5,3.0,3.0,2.0,2.2,2.2,2.2,8.0,6.0,22.0,11.0,3.0,22.0,2.2,2.2,2.2,2.2,2.2,2.2,2.2,2.2,2.2,2.2,2.2,2.2,2.2
99,clu_sol_ap,12,3.0,3.0,2.0,0.2,12.0,6.0,5.5,5.0,4.5,0.1,0.1,0.1,0.1,0.1,0.1,0.1,0.1,0.1,0.1,0.1,0.1,0.1,0.1,0.1,0.1,0.1,0.1,0.1,0.1,0.1,0.1,0.1,0.1,0.1,0.5,0.5,0.5,3.0,3.0,2.0,2.4,2.4,2.4,8.0,6.0,24.0,12.0,3.0,24.0,2.4,2.4,2.4,2.4,2.4,2.4,2.4,2.4,2.4,2.4,2.4,2.4,2.4
100,clu_sol_ap,13,3.0,3.0,2.0,0.2,13.0,7.0,6.0,5.5,5.0,0.1,0.1,0.1,0.1,0.1,0.1,0.1,0.1,0.1,0.1,0.1,0.1,0.1,0.1,0.1,0.1,0.1,0.1,0.1,0.1,0.1,0.1,0.1,0.1,0.1,0.5,0.5,0.5,3.0,3.0,2.0,2.6,2.6,2.6,8.0,6.0,26.0,13.0,3.0,26.0,2.6,2.6,2.6,2.6,2.6,2.6,2.6,2.6,2.6,2.6,2.6,2.6,2.6
101,clu_sol_ap,14,3.0,3.0,2.0,0.2,14.0,8.0,7.0,6.0,5.5,0.1,0.1,0.1,0.1,0.1,0.1,0.1,0.1,0.1,0.1,0.1,0.1,0.1,0.1,0.1,0.1,0.1,0.1,0.1,0.1,0.1,0.1,0.1,0.1,0.1,0.5,0.5,0.5,3.0,3.0,2.0,2.8,2.8,2.8,8.0,6.0,28.0,14.0,3.0,28.0,2.8,2.8,2.8,2.8,2.8,2.8,2.8,2.8,2.8,2.8,2.8,2.8,2.8
102,clu_sol_ap,15,3.0,3.0,2.0,0.2,15.0,9.0,8.0,7.0,6.0,0.1,0.1,0.1,0.1,0.1,0.1,0.1,0.1,0.1,0.1,0.1,0.1,0.1,0.1,0.1,0.1,0.1,0.1,0.1,0.1,0.1,0.1,0.1,0.1,0.1,0.5,0.5,0.5,3.0,3.0,2.0,3.0,3.0,3.0,8.0,6.0,30.0,15.0,3.0,30.0,3.0,3.0,3.0,3.0,3.0,3.0,3.0,3.0,3.0,3.0,3.0,3.0,3.0
103,clu_sol_ap,16,3.0,3.0,2.0,0.2,16.0,10.0,9.0,8.0,7.0,0.1,0.1,0.1,0.1,0.1,0.1,0.1,0.1,0.1,0.1,0.1,0.1,0.1,0.1,0.1,0.1,0.1,0.1,0.1,0.1,0.1,0.1,0.1,0.1,0.1,0.5,0.5,0.5,3.0,3.0,2.0,3.2,3.2,3.2,8.0,6.0,32.0,16.0,3.0,32.0,3.2,3.2,3.2,3.2,3.2,3.2,3.2,3.2,3.2,3.2,3.2,3.2,3.2
104,cluster,1,3.0,2.0,2.0,0.1,0.5,0.25,0.1,0.1,0.1,0.1,0.1,0.1,0.1,0.1,0.1,0.1,0.1,0.1,0.1,0.1,0.1,0.1,0.1,0.1,0.1,0.1,0.1,0.1,0.1,0.1,0.1,0.1,0.1,0.1,0.75,0.75,0.75,3.0,2.0,2.0,4.0,4.0,4.0,8,0.1,3.0,2.0,1.0,3.0,4.0,4.0,4.0,4.0,4.0,4.0,4.0,4.0,4.0,4.0,4.0,4.0,4.0
105,cluster_ap,1,3.0,3.0,2.0,0.1,6.0,3.0,2.5,2.0,1.5,1.0,0.1,0.1,0.1,0.1,0.1,0.1,0.1,0.1,0.1,0.1,0.1,0.1,0.1,0.1,0.1,0.1,0.1,0.1,0.1,0.1,0.1,0.1,0.1,0.1,0.5,0.5,0.5,3.0,3.0,2.0,0.5,0.5,0.5,8,6.0,12.0,6.0,3.0,4.0,0.5,0.5,0.5,0.5,0.5,0.5,0.5,0.5,0.5,0.5,0.5,0.5,0.5
106,cluster_ap,2,3.0,3.0,2.0,0.1,6.0,3.0,2.5,2.0,1.5,1.0,0.1,0.1,0.1,0.1,0.1,0.1,0.1,0.1,0.1,0.1,0.1,0.1,0.1,0.1,0.1,0.1,0.1,0.1,0.1,0.1,0.1,0.1,0.1,0.1,0.5,0.5,0.5,3.0,3.0,2.0,0.5,0.5,0.5,8,6.0,12.0,6.0,3.0,4.0,0.5,0.5,0.5,0.5,0.5,0.5,0.5,0.5,0.5,0.5,0.5,0.5,0.5
107,cluster_ap,3,3.0,3.0,2.0,0.1,6.0,3.0,2.5,2.0,1.5,1.0,0.1,0.1,0.1,0.1,0.1,0.1,0.1,0.1,0.1,0.1,0.1,0.1,0.1,0.1,0.1,0.1,0.1,0.1,0.1,0.1,0.1,0.1,0.1,0.1,0.5,0.5,0.5,3.0,3.0,2.0,0.5,0.5,0.5,8,6.0,12.0,6.0,3.0,4.0,0.5,0.5,0.5,0.5,0.5,0.5,0.5,0.5,0.5,0.5,0.5,0.5,0.5
108,cluster_ap,4,3.0,3.0,2.0,0.1,6.0,3.0,2.5,2.0,1.5,1.0,0.1,0.1,0.1,0.1,0.1,0.1,0.1,0.1,0.1,0.1,0.1,0.1,0.1,0.1,0.1,0.1,0.1,0.1,0.1,0.1,0.1,0.1,0.1,0.1,0.5,0.5,0.5,3.0,3.0,2.0,0.5,0.5,0.5,8,6.0,12.0,6.0,3.0,4.0,0.5,0.5,0.5,0.5,0.5,0.5,0.5,0.5,0.5,0.5,0.5,0.5,0.5
109,cluster_ap,5,3.0,3.0,2.0,0.1,6.0,3.0,2.5,2.0,1.5,1.0,0.1,0.1,0.1,0.1,0.1,0.1,0.1,0.1,0.1,0.1,0.1,0.1,0.1,0.1,0.1,0.1,0.1,0.1,0.1,0.1,0.1,0.1,0.1,0.1,0.5,0.5,0.5,3.0,3.0,2.0,0.5,0.5,0.5,8,6.0,12.0,6.0,3.0,4.0,0.5,0.5,0.5,0.5,0.5,0.5,0.5,0.5,0.5,0.5,0.5,0.5,0.5
110,cluster_ap,6,3.0,3.0,2.0,0.1,6.0,3.0,2.5,2.0,1.5,1.0,0.1,0.1,0.1,0.1,0.1,0.1,0.1,0.1,0.1,0.1,0.1,0.1,0.1,0.1,0.1,0.1,0.1,0.1,0.1,0.1,0.1,0.1,0.1,0.1,0.5,0.5,0.5,3.0,3.0,2.0,0.5,0.5,0.5,8,6.0,12.0,6.0,3.0,4.0,0.5,0.5,0.5,0.5,0.5,0.5,0.5,0.5,0.5,0.5,0.5,0.5,0.5
111,fmballe,1,0.8,0.4,0.2,0.01,0.0,0.0,0.0,0.0,0.0,0.0,0.0,0.0,0.0,0.0,0.0,0.0,0.0,0.0,0.0,0.0,0.0,0.0,0.0,0.0,0.0,0.0,0.0,0.0,0.0,0.0,0.0,0.0,0.0,0.0,1.0,1.0,1.0,2.5,1.25,0.25,1.0,1.0,1.0,0,0.0,1.75,0.25,0.1,1.25,1.0,1.0,1.0,1.0,1.0,1.0,1.0,1.0,1.0,1.0,1.0,1.0,1.0
112,fmballe,2,0.4,0.2,0.1,0.01,0.0,0.0,0.0,0.0,0.0,0.0,0.0,0.0,0.0,0.0,0.0,0.0,0.0,0.0,0.0,0.0,0.0,0.0,0.0,0.0,0.0,0.0,0.0,0.0,0.0,0.0,0.0,0.0,0.0,0.0,1.0,1.0,1.0,0.4,0.2,0.1,1.0,1.0,1.0,0,0.0,1.0,0.5,0.1,1.0,1.0,1.0,1.0,1.0,1.0,1.0,1.0,1.0,1.0,1.0,1.0,1.0,1.0
113,fmballe,3,0.4,0.2,0.1,0.01,0.0,0.0,0.0,0.0,0.0,0.0,0.0,0.0,0.0,0.0,0.0,0.0,0.0,0.0,0.0,0.0,0.0,0.0,0.0,0.0,0.0,0.0,0.0,0.0,0.0,0.0,0.0,0.0,0.0,0.0,1.0,1.0,1.0,0.4,0.2,0.1,1.6,1.6,1.6,0,0.0,1.25,0.75,0.25,1.25,1.6,1.6,1.6,1.6,1.6,1.6,1.6,1.6,1.6,1.6,1.6,1.6,1.6
114,fmballe,4,0.4,0.2,0.1,0.01,0.0,0.0,0.0,0.0,0.0,0.0,0.0,0.0,0.0,0.0,0.0,0.0,0.0,0.0,0.0,0.0,0.0,0.0,0.0,0.0,0.0,0.0,0.0,0.0,0.0,0.0,0.0,0.0,0.0,0.0,1.0,1.0,1.0,0.4,0.2,0.1,3.0,3.0,3.0,0,0.0,1.25,0.75,0.25,1.25,3.0,3.0,3.0,3.0,3.0,3.0,3.0,3.0,3.0,3.0,3.0,3.0,3.0
115,flamme,1,1.0,1.0,1.0,2.0,1.75,1.66,1.58,1.5,1.43,1.36,1.29,1.23,1.17,1.11,1.05,1.0,0.95,0.9,0.86,0.82,0.78,0.74,0.7,0.67,0.64,0.61,0.58,0.55,0.52,0.49,0.47,0.45,0.43,0.41,1.0,1.0,1.0,1.0,1.0,1.0,1.0,1.0,1.0,8,0.5,3.3,1.75,1.66,3.3,1.0,1.0,1.0,1.0,1.0,1.0,1.0,1.0,1.0,1.0,1.0,1.0,1.0
116,frag,1,1.0,1.0,1.0,1.0,1.25,1.19,1.13,1.07,1.02,0.97,0.92,0.87,0.83,0.79,0.75,0.71,0.67,0.64,0.61,0.58,0.55,0.52,0.49,0.47,0.45,0.43,0.41,0.39,0.37,0.35,0.33,0.31,0.29,0.28,1.0,1.0,1.0,1.0,1.0,1.0,1.0,0.5,0.5,8,0.5,4.0,1.25,1.19,4.0,1.0,1.0,1.0,1.0,1.0,1.0,1.0,1.0,1.0,1.0,1.0,1.0,1.0
117,grenades,1,1.0,1.0,1.0,1.0,1.0,0.8,0.4,0.2,0.15,0.1,0.1,0.05,0.05,0.05,0.05,0.05,0.05,0.01,0.01,0.01,0.01,0.01,0.01,0.01,0.01,0.01,0.01,0.01,0.01,0.01,0.01,0.01,0.01,0.01,1.0,1.0,1.0,1.0,1.0,1.0,0.85,0.85,0.85,8,1.0,1.0,0.8,0.4,1.0,0.85,0.85,0.85,0.85,0.85,0.85,0.85,0.85,0.85,0.85,0.85,0.85,0.85
118,he,1,1.0,1.0,1.0,1.0,0.8,0.4,0.3,0.2,0.15,0.1,0.1,0.05,0.05,0.05,0.05,0.05,0.05,0.01,0.01,0.01,0.01,0.01,0.01,0.01,0.01,0.01,0.01,0.01,0.01,0.01,0.01,0.01,0.01,0.01,1.0,1.0,1.0,1.0,1.0,1.0,1.0,1.0,1.0,8,1.0,1.25,0.8,0.4,1.25,1.0,1.0,1.0,1.0,1.0,1.0,1.0,1.0,1.0,1.0,1.0,1.0,1.0
119,he_dca,1,1.0,0.7,0.6,0.3,1.0,0.75,0.5,0.25,0.0,0.0,0.0,0.0,0.0,0.0,0.0,0.0,0.0,0.0,0.0,0.0,0.0,0.0,0.0,0.0,0.0,0.0,0.0,0.0,0.0,0.0,0.0,0.0,0.0,0.0,1.0,1.0,1.0,1.0,0.7,0.6,1.0,1.0,1.0,8,1.0,1.0,0.5,0.25,3.3,1.0,1.0,1.0,1.0,1.0,1.0,1.0,1.0,1.0,1.0,1.0,1.0,1.0
120,he_autocanon,1,1.2,1.1,1.0,0.3,2.0,1.5,1.0,0.0,0.0,0.0,0.0,0.0,0.0,0.0,0.0,0.0,0.0,0.0,0.0,0.0,0.0,0.0,0.0,0.0,0.0,0.0,0.0,0.0,0.0,0.0,0.0,0.0,0.0,0.0,1.0,1.0,1.0,3.3,1.8,1.7,1.0,1.0,1.0,8,1.0,3.3,0.8,0.4,3.3,1.0,1.0,1.0,1.0,1.0,1.0,1.0,1.0,1.0,1.0,1.0,1.0,1.0
121,he_autocanon,2,1.0,1.0,1.0,0.3,1.3333,0.6666,0.0,0.0,0.0,0.0,0.0,0.0,0.0,0.0,0.0,0.0,0.0,0.0,0.0,0.0,0.0,0.0,0.0,0.0,0.0,0.0,0.0,0.0,0.0,0.0,0.0,0.0,0.0,0.0,1.0,1.0,1.0,1.0,0.5,0.0,1.0,1.0,1.0,8,1.0,2.0,1.67,1.0,2.0,1.0,1.0,1.0,1.0,1.0,1.0,1.0,1.0,1.0,1.0,1.0,1.0,1.0
122,he_cluster,1,3.0,2.0,2.0,0.1,0.5,0.25,0.1,0.1,0.1,0.1,0.1,0.1,0.1,0.1,0.1,0.1,0.1,0.1,0.1,0.1,0.1,0.1,0.1,0.1,0.1,0.1,0.1,0.1,0.1,0.1,0.1,0.1,0.1,0.1,0.75,0.75,0.75,1.0,1.0,1.0,1.0,1.0,1.0,8,0.1,1.0,1.0,1.0,1.0,1.0,1.0,1.0,1.0,1.0,1.0,1.0,1.0,1.0,1.0,1.0,1.0,1.0
123,howz,1,3.0,2.0,1.0,1.33,0.33,0.29,0.25,0.21,0.17,0.14,0.11,0.08,0.08,0.08,0.08,0.08,0.08,0.08,0.08,0.08,0.08,0.08,0.08,0.08,0.08,0.08,0.08,0.08,0.08,0.08,0.08,0.08,0.08,0.08,1.0,1.0,1.0,3.0,2.0,1.0,1.0,1.0,1.0,1,1.0,1.0,1.0,1.0,1.0,1.0,1.0,1.0,1.0,1.0,1.0,1.0,1.0,1.0,1.0,1.0,1.0,1.0
124,howz_bombe,1,3.0,2.0,1.0,1.33,0.66,0.41,0.31,0.21,0.17,0.14,0.11,0.08,0.08,0.08,0.08,0.08,0.08,0.08,0.08,0.08,0.08,0.08,0.08,0.08,0.08,0.08,0.08,0.08,0.08,0.08,0.08,0.08,0.08,0.08,1.0,1.0,1.0,3.0,2.0,1.0,1.0,1.0,1.0,1,1.0,1.0,0.75,0.75,1.0,1.0,1.0,1.0,1.0,1.0,1.0,1.0,1.0,1.0,1.0,1.0,1.0,1.0
125,mmgballe,1,1.0,1.0,1.0,0.01,0.0,0.0,0.0,0.0,0.0,0.0,0.0,0.0,0.0,0.0,0.0,0.0,0.0,0.0,0.0,0.0,0.0,0.0,0.0,0.0,0.0,0.0,0.0,0.0,0.0,0.0,0.0,0.0,0.0,0.0,1.0,1.0,1.0,1.0,1.0,1.0,1.0,1.0,1.0,0,0.0,0.1,0.0,0.0,0.1,1.0,1.0,1.0,1.0,1.0,1.0,1.0,1.0,1.0,1.0,1.0,1.0,1.0
126,mmgballe,2,1.0,1.0,1.0,0.01,0.0,0.0,0.0,0.0,0.0,0.0,0.0,0.0,0.0,0.0,0.0,0.0,0.0,0.0,0.0,0.0,0.0,0.0,0.0,0.0,0.0,0.0,0.0,0.0,0.0,0.0,0.0,0.0,0.0,0.0,1.0,1.0,1.0,1.0,1.0,1.0,1.0,1.0,1.0,0,0.0,0.1,0.0,0.0,0.1,1.0,1.0,1.0,1.0,1.0,1.0,1.0,1.0,1.0,1.0,1.0,1.0,1.0
127,mmgballe,3,1.0,1.0,1.0,0.01,0.0,0.0,0.0,0.0,0.0,0.0,0.0,0.0,0.0,0.0,0.0,0.0,0.0,0.0,0.0,0.0,0.0,0.0,0.0,0.0,0.0,0.0,0.0,0.0,0.0,0.0,0.0,0.0,0.0,0.0,1.0,1.0,1.0,1.0,1.0,1.0,1.0,1.0,1.0,0,0.0,1.0,0.0,0.0,1.0,1.0,1.0,1.0,1.0,1.0,1.0,1.0,1.0,1.0,1.0,1.0,1.0,1.0
128,missile_he,1,1.0,0.7,0.6,1.0,1.0,1.0,1.0,1.0,1.0,1.0,1.0,1.0,1.0,1.0,1.0,1.0,1.0,1.0,1.0,1.0,1.0,1.0,1.0,1.0,1.0,1.0,1.0,1.0,1.0,1.0,1.0,1.0,1.0,1.0,1.0,1.0,1.0,1.0,1.0,1.0,1.0,1.0,1.0,8,1.0,1.0,1.0,1.0,1.0,1.0,1.0,1.0,1.0,1.0,1.0,1.0,1.0,1.0,1.0,1.0,1.0,1.0
129,pmballe,1,1.0,1.0,1.0,0.01,0.0,0.0,0.0,0.0,0.0,0.0,0.0,0.0,0.0,0.0,0.0,0.0,0.0,0.0,0.0,0.0,0.0,0.0,0.0,0.0,0.0,0.0,0.0,0.0,0.0,0.0,0.0,0.0,0.0,0.0,1.0,1.0,1.0,1.0,1.0,1.0,0.1,0.1,0.1,0,0.0,0.1,0.0,0.0,0.1,0.1,0.1,0.1,0.1,0.1,0.1,0.1,0.1,0.1,0.1,0.1,0.1,0.1
130,pmballe,2,1.0,1.0,1.0,0.01,0.0,0.0,0.0,0.0,0.0,0.0,0.0,0.0,0.0,0.0,0.0,0.0,0.0,0.0,0.0,0.0,0.0,0.0,0.0,0.0,0.0,0.0,0.0,0.0,0.0,0.0,0.0,0.0,0.0,0.0,1.0,1.0,1.0,1.0,1.0,1.0,0.5,0.5,0.5,0,0.0,0.1,0.0,0.0,0.1,0.5,0.5,0.5,0.5,0.5,0.5,0.5,0.5,0.5,0.5,0.5,0.5,0.5
131,pmballe,3,1.0,1.0,1.0,0.01,0.0,0.0,0.0,0.0,0.0,0.0,0.0,0.0,0.0,0.0,0.0,0.0,0.0,0.0,0.0,0.0,0.0,0.0,0.0,0.0,0.0,0.0,0.0,0.0,0.0,0.0,0.0,0.0,0.0,0.0,1.0,1.0,1.0,1.0,1.0,1.0,1.0,1.0,1.0,0,0.0,1.0,0.0,0.0,1.0,1.0,1.0,1.0,1.0,1.0,1.0,1.0,1.0,1.0,1.0,1.0,1.0,1.0
132,roquette,1,1.0,1.0,1.0,1.0,1.0,0.95,0.9,0.86,0.82,0.78,0.74,0.7,0.67,0.64,0.61,0.58,0.55,0.52,0.49,0.47,0.45,0.43,0.41,0.39,0.37,0.35,0.33,0.31,0.29,0.28,0.27,0.26,0.25,0.24,1.0,1.0,1.0,1.0,1.0,1.0,1.0,0.5,0.5,8,0.5,2.0,1.0,0.95,2.0,1.0,1.0,1.0,1.0,1.0,1.0,1.0,1.0,1.0,1.0,1.0,1.0,1.0
133,smoke,1,1.0,1.0,1.0,1.0,0.5,0.48,0.46,0.44,0.42,0.4,0.38,0.36,0.34,0.32,0.3,0.29,0.28,0.27,0.26,0.25,0.24,0.23,0.22,0.21,0.2,0.19,0.18,0.17,0.16,0.15,0.14,0.13,0.12,0.11,1.0,1.0,1.0,1.0,1.0,1.0,1.0,0.5,0.5,8,1.0,4.0,0.5,0.48,4.0,1.0,1.0,1.0,1.0,1.0,1.0,1.0,1.0,1.0,1.0,1.0,1.0,1.0
134,superhe,1,1.0,0.9,0.8,0.25,0.75,0.5,0.25,0.1,0.1,0.1,0.1,0.01,0.01,0.01,0.01,0.01,0.01,0.01,0.01,0.01,0.01,0.01,0.01,0.01,0.01,0.01,0.01,0.01,0.01,0.01,0.01,0.01,0.01,0.01,1.0,1.0,1.0,1.0,1.0,1.0,1.0,1.0,1.0,1,1.0,1.25,0.75,0.5,1.25,1.0,1.0,1.0,1.0,1.0,1.0,1.0,1.0,1.0,1.0,1.0,1.0,1.0
135,superhe_sol,1,1.0,1.0,1.0,0.25,0.75,0.5,0.25,0.0,0.0,0.0,0.0,0.0,0.0,0.0,0.0,0.0,0.0,0.0,0.0,0.0,0.0,0.0,0.0,0.0,0.0,0.0,0.0,0.0,0.0,0.0,0.0,0.0,0.0,0.0,1.0,1.0,1.0,1.0,1.0,1.0,1.0,1.0,1.0,8,1.0,1.0,0.75,0.5,1.0,1.0,1.0,1.0,1.0,1.0,1.0,1.0,1.0,1.0,1.0,1.0,1.0,1.0
136,suppress,1,1.0,1.0,1.0,0.5,0.8,0.76,0.72,0.68,0.65,0.62,0.59,0.56,0.53,0.5,0.48,0.46,0.44,0.42,0.4,0.38,0.36,0.34,0.32,0.3,0.29,0.28,0.27,0.26,0.25,0.24,0.23,0.22,0.21,0.2,1.0,1.0,1.0,1.0,1.0,1.0,1.0,1.0,1.0,4,2.0,1.25,0.8,0.76,1.25,1.0,1.0,1.0,1.0,1.0,1.0,1.0,1.0,1.0,1.0,1.0,1.0,1.0
137,suppressap,1,1.0,0.9,0.8,1.0,2.0,1.9,1.8,1.7,1.6,1.5,1.4,1.3,1.2,1.1,1.0,1.0,1.0,1.0,1.0,1.0,1.0,1.0,1.0,1.0,1.0,1.0,1.0,1.0,1.0,1.0,1.0,1.0,1.0,1.0,0.25,0.25,0.25,1.0,0.9,0.8,0.75,0.5,0.5,4,2.0,0.9,0.8,0.7,1.0,1.0,1.0,1.0,1.0,1.0,1.0,1.0,1.0,1.0,1.0,1.0,1.0,1.0
138,thermobarique,1,1.0,1.0,1.0,0.0,0.25,0.21,0.17,0.14,0.11,0.08,0.06,0.05,0.05,0.05,0.05,0.05,0.05,0.05,0.05,0.05,0.05,0.05,0.05,0.05,0.05,0.05,0.05,0.05,0.05,0.05,0.05,0.05,0.05,0.05,1.0,1.0,1.0,1.0,1.0,1.0,1.0,1.0,1.0,1,1.0,3.0,2.0,1.0,1.0,1.0,1.0,1.0,1.0,1.0,1.0,1.0,1.0,1.0,1.0,1.0,1.0,1.0
139,roquette_ap,1,1.0,1.0,1.0,1.0,1.0,0.9,0.8,0.7,0.6,0.5,0.25,0.25,0.25,0.1,0.1,0.1,0.1,0.1,0.1,0.1,0.1,0.1,0.1,0.1,0.1,0.1,0.1,0.1,0.1,0.1,0.1,0.1,0.1,0.1,1.0,1.0,1.0,1.0,1.0,1.0,1.0,1.0,1.0,1,1.0,1.25,0.75,0.5,1.25,1.0,1.0,1.0,1.0,1.0,1.0,1.0,1.0,1.0,1.0,1.0,1.0,1.0
140,suppressdca,1,1.0,1.0,1.0,1.0,0.8,0.4,0.3,0.2,0.15,0.1,0.1,0.1,0.1,0.1,0.1,0.1,0.1,0.1,0.1,0.1,0.1,0.1,0.1,0.1,0.1,0.1,0.1,0.1,0.1,0.1,0.1,0.1,0.1,0.1,1.0,1.0,1.0,1.0,0.9,0.8,1.0,1.0,1.0,8,1.0,1.0,0.8,0.4,1.0,1.0,1.0,1.0,1.0,1.0,1.0,1.0,1.0,1.0,1.0,1.0,1.0,1.0
141,sniper,1,0.8,0.4,0.2,0.01,0.0,0.0,0.0,0.0,0.0,0.0,0.0,0.0,0.0,0.0,0.0,0.0,0.0,0.0,0.0,0.0,0.0,0.0,0.0,0.0,0.0,0.0,0.0,0.0,0.0,0.0,0.0,0.0,0.0,0.0,1.0,1.0,1.0,3.25,1.75,0.25,1.0,1.0,1.0,0.0,0.0,2.5,0.25,0.1,1.25,1.0,1.0,1.0,1.0,1.0,1.0,1.0,1.0,1.0,1.0,1.0,1.0,1.0
142,sniper,2,1.0,1.0,1.0,0.3,2.0,1.0,0.0,0.0,0.0,0.0,0.0,0.0,0.0,0.0,0.0,0.0,0.0,0.0,0.0,0.0,0.0,0.0,0.0,0.0,0.0,0.0,0.0,0.0,0.0,0.0,0.0,0.0,0.0,0.0,1.0,1.0,1.0,1.5,1.0,0.0,1.0,1.0,1.0,8.0,1.0,2.5,2.0,1.0,2.0,1.0,1.0,1.0,1.0,1.0,1.0,1.0,1.0,1.0,1.0,1.0,1.0,1.0
143,clu_sol_hefrag,1,3.0,3.0,2.0,0.2,1.0,1.0,1.0,1.0,1.0,0.1,0.1,0.1,0.1,0.1,0.1,0.1,0.1,0.1,0.1,0.1,0.1,0.1,0.1,0.1,0.1,0.1,0.1,0.1,0.1,0.1,0.1,0.1,0.1,0.1,0.5,0.5,0.5,3.0,3.0,2.0,2.0,2.0,2.0,8.0,6.0,2.0,1.0,3.0,2.0,2.0,2.0,2.0,2.0,2.0,2.0,2.0,2.0,2.0,2.0,2.0,2.0,2.0
144,clu_sol_hefrag,2,3.0,3.0,2.0,0.2,2.0,1.0,1.0,1.0,1.0,0.1,0.1,0.1,0.1,0.1,0.1,0.1,0.1,0.1,0.1,0.1,0.1,0.1,0.1,0.1,0.1,0.1,0.1,0.1,0.1,0.1,0.1,0.1,0.1,0.1,0.5,0.5,0.5,3.0,3.0,2.0,2.0,2.0,2.0,8.0,6.0,4.0,2.0,3.0,4.0,2.0,2.0,2.0,2.0,2.0,2.0,2.0,2.0,2.0,2.0,2.0,2.0,2.0
145,clu_sol_hefrag,3,3.0,3.0,2.0,0.2,3.0,1.5,1.0,1.0,1.0,0.1,0.1,0.1,0.1,0.1,0.1,0.1,0.1,0.1,0.1,0.1,0.1,0.1,0.1,0.1,0.1,0.1,0.1,0.1,0.1,0.1,0.1,0.1,0.1,0.1,0.5,0.5,0.5,3.0,3.0,2.0,2.0,2.0,2.0,8.0,6.0,6.0,3.0,3.0,6.0,2.0,2.0,2.0,2.0,2.0,2.0,2.0,2.0,2.0,2.0,2.0,2.0,2.0
146,clu_sol_hefrag,4,3.0,3.0,2.0,0.2,4.0,2.0,1.5,1.0,1.0,0.1,0.1,0.1,0.1,0.1,0.1,0.1,0.1,0.1,0.1,0.1,0.1,0.1,0.1,0.1,0.1,0.1,0.1,0.1,0.1,0.1,0.1,0.1,0.1,0.1,0.5,0.5,0.5,3.0,3.0,2.0,2.0,2.0,2.0,8.0,6.0,8.0,4.0,3.0,8.0,2.0,2.0,2.0,2.0,2.0,2.0,2.0,2.0,2.0,2.0,2.0,2.0,2.0
147,clu_sol_hefrag,5,3.0,3.0,2.0,0.2,5.0,2.5,2.0,1.5,1.0,0.1,0.1,0.1,0.1,0.1,0.1,0.1,0.1,0.1,0.1,0.1,0.1,0.1,0.1,0.1,0.1,0.1,0.1,0.1,0.1,0.1,0.1,0.1,0.1,0.1,0.5,0.5,0.5,3.0,3.0,2.0,2.0,2.0,2.0,8.0,6.0,10.0,5.0,3.0,10.0,2.0,2.0,2.0,2.0,2.0,2.0,2.0,2.0,2.0,2.0,2.0,2.0,2.0
148,clu_sol_hefrag,6,3.0,3.0,2.0,0.2,6.0,3.0,2.5,2.0,1.5,0.1,0.1,0.1,0.1,0.1,0.1,0.1,0.1,0.1,0.1,0.1,0.1,0.1,0.1,0.1,0.1,0.1,0.1,0.1,0.1,0.1,0.1,0.1,0.1,0.1,0.5,0.5,0.5,3.0,3.0,2.0,2.4,2.4,2.4,8.0,6.0,12.0,6.0,3.0,12.0,2.4,2.4,2.4,2.4,2.4,2.4,2.4,2.4,2.4,2.4,2.4,2.4,2.4
149,clu_sol_hefrag,7,3.0,3.0,2.0,0.2,7.0,3.5,3.0,2.5,2.0,0.1,0.1,0.1,0.1,0.1,0.1,0.1,0.1,0.1,0.1,0.1,0.1,0.1,0.1,0.1,0.1,0.1,0.1,0.1,0.1,0.1,0.1,0.1,0.1,0.1,0.5,0.5,0.5,3.0,3.0,2.0,2.8,2.8,2.8,8.0,6.0,14.0,7.0,3.0,14.0,2.8,2.8,2.8,2.8,2.8,2.8,2.8,2.8,2.8,2.8,2.8,2.8,2.8
150,clu_sol_hefrag,8,3.0,3.0,2.0,0.2,8.0,4.0,3.5,3.0,2.5,0.1,0.1,0.1,0.1,0.1,0.1,0.1,0.1,0.1,0.1,0.1,0.1,0.1,0.1,0.1,0.1,0.1,0.1,0.1,0.1,0.1,0.1,0.1,0.1,0.1,0.5,0.5,0.5,3.0,3.0,2.0,3.2,3.2,3.2,8.0,6.0,16.0,8.0,3.0,16.0,3.2,3.2,3.2,3.2,3.2,3.2,3.2,3.2,3.2,3.2,3.2,3.2,3.2
151,clu_sol_hefrag,9,3.0,3.0,2.0,0.2,9.0,4.5,4.0,3.5,3.0,0.1,0.1,0.1,0.1,0.1,0.1,0.1,0.1,0.1,0.1,0.1,0.1,0.1,0.1,0.1,0.1,0.1,0.1,0.1,0.1,0.1,0.1,0.1,0.1,0.1,0.5,0.5,0.5,3.0,3.0,2.0,3.6,3.6,3.6,8.0,6.0,18.0,9.0,3.0,18.0,3.6,3.6,3.6,3.6,3.6,3.6,3.6,3.6,3.6,3.6,3.6,3.6,3.6
152,clu_sol_hefrag,10,3.0,3.0,2.0,0.2,10.0,5.0,4.5,4.0,3.5,0.1,0.1,0.1,0.1,0.1,0.1,0.1,0.1,0.1,0.1,0.1,0.1,0.1,0.1,0.1,0.1,0.1,0.1,0.1,0.1,0.1,0.1,0.1,0.1,0.1,0.5,0.5,0.5,3.0,3.0,2.0,4.0,4.0,4.0,8.0,6.0,20.0,10.0,3.0,20.0,4.0,4.0,4.0,4.0,4.0,4.0,4.0,4.0,4.0,4.0,4.0,4.0,4.0
153,clu_sol_hefrag,11,3.0,3.0,2.0,0.2,11.0,5.5,5.0,4.5,4.0,0.1,0.1,0.1,0.1,0.1,0.1,0.1,0.1,0.1,0.1,0.1,0.1,0.1,0.1,0.1,0.1,0.1,0.1,0.1,0.1,0.1,0.1,0.1,0.1,0.1,0.5,0.5,0.5,3.0,3.0,2.0,4.4,4.4,4.4,8.0,6.0,22.0,11.0,3.0,22.0,4.4,4.4,4.4,4.4,4.4,4.4,4.4,4.4,4.4,4.4,4.4,4.4,4.4
154,clu_sol_hefrag,12,3.0,3.0,2.0,0.2,12.0,6.0,5.5,5.0,4.5,0.1,0.1,0.1,0.1,0.1,0.1,0.1,0.1,0.1,0.1,0.1,0.1,0.1,0.1,0.1,0.1,0.1,0.1,0.1,0.1,0.1,0.1,0.1,0.1,0.1,0.5,0.5,0.5,3.0,3.0,2.0,4.8,4.8,4.8,8.0,6.0,24.0,12.0,3.0,24.0,4.8,4.8,4.8,4.8,4.8,4.8,4.8,4.8,4.8,4.8,4.8,4.8,4.8
155,clu_sol_hefrag,13,3.0,3.0,2.0,0.2,13.0,7.0,6.0,5.5,5.0,0.1,0.1,0.1,0.1,0.1,0.1,0.1,0.1,0.1,0.1,0.1,0.1,0.1,0.1,0.1,0.1,0.1,0.1,0.1,0.1,0.1,0.1,0.1,0.1,0.1,0.5,0.5,0.5,3.0,3.0,2.0,5.2,5.2,5.2,8.0,6.0,26.0,13.0,3.0,26.0,5.2,5.2,5.2,5.2,5.2,5.2,5.2,5.2,5.2,5.2,5.2,5.2,5.2
156,clu_sol_hefrag,14,3.0,3.0,2.0,0.2,14.0,8.0,7.0,6.0,5.5,0.1,0.1,0.1,0.1,0.1,0.1,0.1,0.1,0.1,0.1,0.1,0.1,0.1,0.1,0.1,0.1,0.1,0.1,0.1,0.1,0.1,0.1,0.1,0.1,0.1,0.5,0.5,0.5,3.0,3.0,2.0,5.6,5.6,5.6,8.0,6.0,28.0,14.0,3.0,28.0,5.6,5.6,5.6,5.6,5.6,5.6,5.6,5.6,5.6,5.6,5.6,5.6,5.6
157,clu_sol_hefrag,15,3.0,3.0,2.0,0.2,15.0,9.0,8.0,7.0,6.0,0.1,0.1,0.1,0.1,0.1,0.1,0.1,0.1,0.1,0.1,0.1,0.1,0.1,0.1,0.1,0.1,0.1,0.1,0.1,0.1,0.1,0.1,0.1,0.1,0.1,0.5,0.5,0.5,3.0,3.0,2.0,6.0,6.0,6.0,8.0,6.0,30.0,15.0,3.0,30.0,6.0,6.0,6.0,6.0,6.0,6.0,6.0,6.0,6.0,6.0,6.0,6.0,6.0
158,clu_sol_hefrag,16,3.0,3.0,2.0,0.2,16.0,10.0,9.0,8.0,7.0,0.1,0.1,0.1,0.1,0.1,0.1,0.1,0.1,0.1,0.1,0.1,0.1,0.1,0.1,0.1,0.1,0.1,0.1,0.1,0.1,0.1,0.1,0.1,0.1,0.1,0.5,0.5,0.5,3.0,3.0,2.0,6.4,6.4,6.4,8.0,6.0,32.0,16.0,3.0,32.0,6.4,6.4,6.4,6.4,6.4,6.4,6.4,6.4,6.4,6.4,6.4,6.4,6.4
159,nplm_bomb,1,1.0,1.0,1.0,1.0,0.8,0.4,0.3,0.2,0.15,0.1,0.1,0.05,0.05,0.05,0.05,0.05,0.05,0.01,0.01,0.01,0.01,0.01,0.01,0.01,0.01,0.01,0.01,0.01,0.01,0.01,0.01,0.01,0.01,0.01,1.0,1.0,1.0,1.0,1.0,1.0,1.0,1.0,1.0,8.0,1.0,1.25,0.8,0.4,1.25,1.0,1.0,1.0,1.0,1.0,1.0,1.0,1.0,1.0,1.0,1.0,1.0,1.0
160,nplm_bomb_flamme,1,1.0,1.0,1.0,2.0,1.75,1.66,1.58,1.5,1.43,1.36,1.29,1.23,1.17,1.11,1.05,1.0,0.95,0.9,0.86,0.82,0.78,0.74,0.7,0.67,0.64,0.61,0.58,0.55,0.52,0.49,0.47,0.45,0.43,0.41,1.0,1.0,1.0,1.0,1.0,1.0,4.0,4.0,4.0,8.0,0.5,3.3,1.75,1.66,3.3,4.0,4.0,4.0,4.0,4.0,4.0,4.0,4.0,4.0,4.0,4.0,4.0,4.0
161,pgb_bomb,1,2.0,1.33,0.66,1.0,1.0,0.53,0.28,0.26,0.26,0.26,0.26,0.26,0.18,0.18,0.18,0.18,0.18,0.18,0.09,0.09,0.09,0.09,0.09,0.09,0.09,0.09,0.09,0.09,0.09,0.09,0.09,0.09,0.09,0.09,1.0,1.0,1.0,3.0,2.0,1.0,1.0,1.0,1.0,1.0,1.0,1.0,0.5,0.5,1.0,1.0,1.0,1.0,1.0,1.0,1.0,1.0,1.0,1.0,1.0,1.0,1.0,1.0
162,manpad_hagru,1,1.0,0.9,0.8,1.0,1.0,1.0,1.0,1.0,1.0,1.0,1.0,1.0,1.0,1.0,1.0,1.0,1.0,1.0,1.0,1.0,1.0,1.0,1.0,1.0,1.0,1.0,1.0,1.0,1.0,1.0,1.0,1.0,1.0,1.0,1.0,1.0,1.0,1.0,1.0,1.0,1.0,1.0,1.0,8.0,1.0,1.0,1.0,1.0,1.0,1.0,1.0,1.0,1.0,1.0,1.0,1.0,1.0,1.0,1.0,1.0,1.0,1.0
163,manpad_tbagru,1,1.0,0.9,0.8,1.0,1.0,1.0,1.0,1.0,1.0,1.0,1.0,1.0,1.0,1.0,1.0,1.0,1.0,1.0,1.0,1.0,1.0,1.0,1.0,1.0,1.0,1.0,1.0,1.0,1.0,1.0,1.0,1.0,1.0,1.0,1.0,1.0,1.0,1.0,1.0,1.0,1.0,1.0,1.0,8.0,1.0,1.0,1.0,1.0,1.0,1.0,1.0,1.0,1.0,1.0,1.0,1.0,1.0,1.0,1.0,1.0,1.0,1.0
164,sa_intermediate,1,0.8,0.4,0.2,0.01,0.0,0.0,0.0,0.0,0.0,0.0,0.0,0.0,0.0,0.0,0.0,0.0,0.0,0.0,0.0,0.0,0.0,0.0,0.0,0.0,0.0,0.0,0.0,0.0,0.0,0.0,0.0,0.0,0.0,0.0,1.0,1.0,1.0,2.25,1.25,0.25,1.0,1.0,1.0,0.0,0.0,1.75,0.25,0.1,1.25,1.0,1.0,1.0,1.0,1.0,1.0,1.0,1.0,1.0,1.0,1.0,1.0,1.0
165,sa_intermediate,2,0.8,0.4,0.2,0.01,0.0,0.0,0.0,0.0,0.0,0.0,0.0,0.0,0.0,0.0,0.0,0.0,0.0,0.0,0.0,0.0,0.0,0.0,0.0,0.0,0.0,0.0,0.0,0.0,0.0,0.0,0.0,0.0,0.0,0.0,1.0,1.0,1.0,2.25,1.25,0.25,1.0,1.0,1.0,0.0,0.0,1.75,0.25,0.1,1.25,1.0,1.0,1.0,1.0,1.0,1.0,1.0,1.0,1.0,1.0,1.0,1.0,0.96
166,sa_intermediate,3,0.8,0.4,0.2,0.01,0.0,0.0,0.0,0.0,0.0,0.0,0.0,0.0,0.0,0.0,0.0,0.0,0.0,0.0,0.0,0.0,0.0,0.0,0.0,0.0,0.0,0.0,0.0,0.0,0.0,0.0,0.0,0.0,0.0,0.0,1.0,1.0,1.0,2.25,1.25,0.25,1.0,1.0,1.0,0.0,0.0,1.75,0.25,0.1,1.25,1.0,1.0,1.0,1.0,1.0,1.0,1.0,1.0,1.0,1.0,1.0,0.96,0.92
167,sa_intermediate,4,0.8,0.4,0.2,0.01,0.0,0.0,0.0,0.0,0.0,0.0,0.0,0.0,0.0,0.0,0.0,0.0,0.0,0.0,0.0,0.0,0.0,0.0,0.0,0.0,0.0,0.0,0.0,0.0,0.0,0.0,0.0,0.0,0.0,0.0,1.0,1.0,1.0,2.25,1.25,0.25,1.0,1.0,1.0,0.0,0.0,1.75,0.25,0.1,1.25,1.0,1.0,1.0,1.0,1.0,1.0,1.0,1.0,1.0,1.0,0.96,0.92,0.88
168,sa_intermediate,5,0.8,0.4,0.2,0.01,0.0,0.0,0.0,0.0,0.0,0.0,0.0,0.0,0.0,0.0,0.0,0.0,0.0,0.0,0.0,0.0,0.0,0.0,0.0,0.0,0.0,0.0,0.0,0.0,0.0,0.0,0.0,0.0,0.0,0.0,1.0,1.0,1.0,2.25,1.25,0.25,1.0,1.0,1.0,0.0,0.0,1.75,0.25,0.1,1.25,1.0,1.0,1.0,1.0,1.0,1.0,1.0,1.0,1.0,0.96,0.92,0.88,0.84
169,sa_intermediate,6,0.8,0.4,0.2,0.01,0.0,0.0,0.0,0.0,0.0,0.0,0.0,0.0,0.0,0.0,0.0,0.0,0.0,0.0,0.0,0.0,0.0,0.0,0.0,0.0,0.0,0.0,0.0,0.0,0.0,0.0,0.0,0.0,0.0,0.0,1.0,1.0,1.0,2.25,1.25,0.25,1.0,1.0,1.0,0.0,0.0,1.75,0.25,0.1,1.25,1.0,1.0,1.0,1.0,1.0,1.0,1.0,1.0,0.96,0.92,0.88,0.84,0.8
170,sa_intermediate,7,0.8,0.4,0.2,0.01,0.0,0.0,0.0,0.0,0.0,0.0,0.0,0.0,0.0,0.0,0.0,0.0,0.0,0.0,0.0,0.0,0.0,0.0,0.0,0.0,0.0,0.0,0.0,0.0,0.0,0.0,0.0,0.0,0.0,0.0,1.0,1.0,1.0,2.25,1.25,0.25,1.0,1.0,1.0,0.0,0.0,1.75,0.25,0.1,1.25,1.0,1.0,1.0,1.0,1.0,1.0,1.0,0.96,0.92,0.88,0.84,0.8,0.76
171,sa_intermediate,8,0.8,0.4,0.2,0.01,0.0,0.0,0.0,0.0,0.0,0.0,0.0,0.0,0.0,0.0,0.0,0.0,0.0,0.0,0.0,0.0,0.0,0.0,0.0,0.0,0.0,0.0,0.0,0.0,0.0,0.0,0.0,0.0,0.0,0.0,1.0,1.0,1.0,2.25,1.25,0.25,1.0,1.0,1.0,0.0,0.0,1.75,0.25,0.1,1.25,1.0,1.0,1.0,1.0,1.0,1.0,0.96,0.92,0.88,0.84,0.8,0.76,0.72
172,sa_intermediate,9,0.8,0.4,0.2,0.01,0.0,0.0,0.0,0.0,0.0,0.0,0.0,0.0,0.0,0.0,0.0,0.0,0.0,0.0,0.0,0.0,0.0,0.0,0.0,0.0,0.0,0.0,0.0,0.0,0.0,0.0,0.0,0.0,0.0,0.0,1.0,1.0,1.0,2.25,1.25,0.25,1.0,1.0,1.0,0.0,0.0,1.75,0.25,0.1,1.25,1.0,1.0,1.0,1.0,1.0,0.96,0.92,0.88,0.84,0.8,0.76,0.72,0.68
173,sa_intermediate,10,0.8,0.4,0.2,0.01,0.0,0.0,0.0,0.0,0.0,0.0,0.0,0.0,0.0,0.0,0.0,0.0,0.0,0.0,0.0,0.0,0.0,0.0,0.0,0.0,0.0,0.0,0.0,0.0,0.0,0.0,0.0,0.0,0.0,0.0,1.0,1.0,1.0,2.25,1.25,0.25,1.0,1.0,1.0,0.0,0.0,1.75,0.25,0.1,1.25,1.0,1.0,1.0,1.0,0.96,0.92,0.88,0.84,0.8,0.76,0.72,0.68,0.64
174,sa_intermediate,11,0.8,0.4,0.2,0.01,0.0,0.0,0.0,0.0,0.0,0.0,0.0,0.0,0.0,0.0,0.0,0.0,0.0,0.0,0.0,0.0,0.0,0.0,0.0,0.0,0.0,0.0,0.0,0.0,0.0,0.0,0.0,0.0,0.0,0.0,1.0,1.0,1.0,2.25,1.25,0.25,1.0,1.0,1.0,0.0,0.0,1.75,0.25,0.1,1.25,1.0,1.0,1.0,0.96,0.92,0.88,0.84,0.8,0.76,0.72,0.68,0.64,0.6
175,sa_intermediate,12,0.8,0.4,0.2,0.01,0.0,0.0,0.0,0.0,0.0,0.0,0.0,0.0,0.0,0.0,0.0,0.0,0.0,0.0,0.0,0.0,0.0,0.0,0.0,0.0,0.0,0.0,0.0,0.0,0.0,0.0,0.0,0.0,0.0,0.0,1.0,1.0,1.0,2.25,1.25,0.25,1.0,1.0,1.0,0.0,0.0,1.75,0.25,0.1,1.25,1.0,1.0,0.96,0.92,0.88,0.84,0.8,0.76,0.72,0.68,0.64,0.6,0.56
176,sa_intermediate,13,0.8,0.4,0.2,0.01,0.0,0.0,0.0,0.0,0.0,0.0,0.0,0.0,0.0,0.0,0.0,0.0,0.0,0.0,0.0,0.0,0.0,0.0,0.0,0.0,0.0,0.0,0.0,0.0,0.0,0.0,0.0,0.0,0.0,0.0,1.0,1.0,1.0,2.25,1.25,0.25,1.0,1.0,1.0,0.0,0.0,1.75,0.25,0.1,1.25,1.0,0.96,0.92,0.88,0.84,0.8,0.76,0.72,0.68,0.64,0.6,0.56,0.52
177,sa_full,1,0.8,0.4,0.2,0.01,0.0,0.0,0.0,0.0,0.0,0.0,0.0,0.0,0.0,0.0,0.0,0.0,0.0,0.0,0.0,0.0,0.0,0.0,0.0,0.0,0.0,0.0,0.0,0.0,0.0,0.0,0.0,0.0,0.0,0.0,1.0,1.0,1.0,3.25,1.75,0.25,1.0,1.0,1.0,0.0,0.0,2.5,0.25,0.1,1.25,1.0,1.0,1.0,1.0,1.0,1.0,1.0,1.0,1.0,1.0,1.0,1.0,1.0
178,sa_full,2,0.8,0.4,0.2,0.01,0.0,0.0,0.0,0.0,0.0,0.0,0.0,0.0,0.0,0.0,0.0,0.0,0.0,0.0,0.0,0.0,0.0,0.0,0.0,0.0,0.0,0.0,0.0,0.0,0.0,0.0,0.0,0.0,0.0,0.0,1.0,1.0,1.0,3.25,1.75,0.25,1.0,1.0,1.0,0.0,0.0,2.5,0.25,0.1,1.25,1.0,1.0,1.0,1.0,1.0,1.0,1.0,1.0,1.0,1.0,1.0,1.0,0.96
179,sa_full,3,0.8,0.4,0.2,0.01,0.0,0.0,0.0,0.0,0.0,0.0,0.0,0.0,0.0,0.0,0.0,0.0,0.0,0.0,0.0,0.0,0.0,0.0,0.0,0.0,0.0,0.0,0.0,0.0,0.0,0.0,0.0,0.0,0.0,0.0,1.0,1.0,1.0,3.25,1.75,0.25,1.0,1.0,1.0,0.0,0.0,2.5,0.25,0.1,1.25,1.0,1.0,1.0,1.0,1.0,1.0,1.0,1.0,1.0,1.0,1.0,0.96,0.92
180,sa_full,4,0.8,0.4,0.2,0.01,0.0,0.0,0.0,0.0,0.0,0.0,0.0,0.0,0.0,0.0,0.0,0.0,0.0,0.0,0.0,0.0,0.0,0.0,0.0,0.0,0.0,0.0,0.0,0.0,0.0,0.0,0.0,0.0,0.0,0.0,1.0,1.0,1.0,3.25,1.75,0.25,1.0,1.0,1.0,0.0,0.0,2.5,0.25,0.1,1.25,1.0,1.0,1.0,1.0,1.0,1.0,1.0,1.0,1.0,1.0,0.96,0.92,0.88
181,sa_full,5,0.8,0.4,0.2,0.01,0.0,0.0,0.0,0.0,0.0,0.0,0.0,0.0,0.0,0.0,0.0,0.0,0.0,0.0,0.0,0.0,0.0,0.0,0.0,0.0,0.0,0.0,0.0,0.0,0.0,0.0,0.0,0.0,0.0,0.0,1.0,1.0,1.0,3.25,1.75,0.25,1.0,1.0,1.0,0.0,0.0,2.5,0.25,0.1,1.25,1.0,1.0,1.0,1.0,1.0,1.0,1.0,1.0,1.0,0.96,0.92,0.88,0.84
182,sa_full,6,0.8,0.4,0.2,0.01,0.0,0.0,0.0,0.0,0.0,0.0,0.0,0.0,0.0,0.0,0.0,0.0,0.0,0.0,0.0,0.0,0.0,0.0,0.0,0.0,0.0,0.0,0.0,0.0,0.0,0.0,0.0,0.0,0.0,0.0,1.0,1.0,1.0,3.25,1.75,0.25,1.0,1.0,1.0,0.0,0.0,2.5,0.25,0.1,1.25,1.0,1.0,1.0,1.0,1.0,1.0,1.0,1.0,0.96,0.92,0.88,0.84,0.8
183,sa_full,7,0.8,0.4,0.2,0.01,0.0,0.0,0.0,0.0,0.0,0.0,0.0,0.0,0.0,0.0,0.0,0.0,0.0,0.0,0.0,0.0,0.0,0.0,0.0,0.0,0.0,0.0,0.0,0.0,0.0,0.0,0.0,0.0,0.0,0.0,1.0,1.0,1.0,3.25,1.75,0.25,1.0,1.0,1.0,0.0,0.0,2.5,0.25,0.1,1.25,1.0,1.0,1.0,1.0,1.0,1.0,1.0,0.96,0.92,0.88,0.84,0.8,0.76
184,sa_full,8,0.8,0.4,0.2,0.01,0.0,0.0,0.0,0.0,0.0,0.0,0.0,0.0,0.0,0.0,0.0,0.0,0.0,0.0,0.0,0.0,0.0,0.0,0.0,0.0,0.0,0.0,0.0,0.0,0.0,0.0,0.0,0.0,0.0,0.0,1.0,1.0,1.0,3.25,1.75,0.25,1.0,1.0,1.0,0.0,0.0,2.5,0.25,0.1,1.25,1.0,1.0,1.0,1.0,1.0,1.0,0.96,0.92,0.88,0.84,0.8,0.76,0.72
185,sa_full,9,0.8,0.4,0.2,0.01,0.0,0.0,0.0,0.0,0.0,0.0,0.0,0.0,0.0,0.0,0.0,0.0,0.0,0.0,0.0,0.0,0.0,0.0,0.0,0.0,0.0,0.0,0.0,0.0,0.0,0.0,0.0,0.0,0.0,0.0,1.0,1.0,1.0,3.25,1.75,0.25,1.0,1.0,1.0,0.0,0.0,2.5,0.25,0.1,1.25,1.0,1.0,1.0,1.0,1.0,0.96,0.92,0.88,0.84,0.8,0.76,0.72,0.68
186,sa_full,10,0.8,0.4,0.2,0.01,0.0,0.0,0.0,0.0,0.0,0.0,0.0,0.0,0.0,0.0,0.0,0.0,0.0,0.0,0.0,0.0,0.0,0.0,0.0,0.0,0.0,0.0,0.0,0.0,0.0,0.0,0.0,0.0,0.0,0.0,1.0,1.0,1.0,3.25,1.75,0.25,1.0,1.0,1.0,0.0,0.0,2.5,0.25,0.1,1.25,1.0,1.0,1.0,1.0,0.96,0.92,0.88,0.84,0.8,0.76,0.72,0.68,0.64
187,sa_full,11,0.8,0.4,0.2,0.01,0.0,0.0,0.0,0.0,0.0,0.0,0.0,0.0,0.0,0.0,0.0,0.0,0.0,0.0,0.0,0.0,0.0,0.0,0.0,0.0,0.0,0.0,0.0,0.0,0.0,0.0,0.0,0.0,0.0,0.0,1.0,1.0,1.0,3.25,1.75,0.25,1.0,1.0,1.0,0.0,0.0,2.5,0.25,0.1,1.25,1.0,1.0,1.0,0.96,0.92,0.88,0.84,0.8,0.76,0.72,0.68,0.64,0.6
188,sa_full,12,0.8,0.4,0.2,0.01,0.0,0.0,0.0,0.0,0.0,0.0,0.0,0.0,0.0,0.0,0.0,0.0,0.0,0.0,0.0,0.0,0.0,0.0,0.0,0.0,0.0,0.0,0.0,0.0,0.0,0.0,0.0,0.0,0.0,0.0,1.0,1.0,1.0,3.25,1.75,0.25,1.0,1.0,1.0,0.0,0.0,2.5,0.25,0.1,1.25,1.0,1.0,0.96,0.92,0.88,0.84,0.8,0.76,0.72,0.68,0.64,0.6,0.56
189,sa_full,13,0.8,0.4,0.2,0.01,0.0,0.0,0.0,0.0,0.0,0.0,0.0,0.0,0.0,0.0,0.0,0.0,0.0,0.0,0.0,0.0,0.0,0.0,0.0,0.0,0.0,0.0,0.0,0.0,0.0,0.0,0.0,0.0,0.0,0.0,1.0,1.0,1.0,3.25,1.75,0.25,1.0,1.0,1.0,0.0,0.0,2.5,0.25,0.1,1.25,1.0,0.96,0.92,0.88,0.84,0.8,0.76,0.72,0.68,0.64,0.6,0.56,0.52
190,12_7,1,1.2,1.1,1.0,0.3,3.0,1.5,0.0,0.0,0.0,0.0,0.0,0.0,0.0,0.0,0.0,0.0,0.0,0.0,0.0,0.0,0.0,0.0,0.0,0.0,0.0,0.0,0.0,0.0,0.0,0.0,0.0,0.0,0.0,0.0,1.0,1.0,1.0,2.0,1.5,1.5,1.0,1.0,1.0,8.0,1.0,3.5,2.5,1.0,3.3,1.0,1.0,1.0,1.0,1.0,1.0,1.0,1.0,1.0,1.0,1.0,1.0,1.0
191,14_5,1,1.2,1.1,1.0,0.3,4.0,2.0,0.0,0.0,0.0,0.0,0.0,0.0,0.0,0.0,0.0,0.0,0.0,0.0,0.0,0.0,0.0,0.0,0.0,0.0,0.0,0.0,0.0,0.0,0.0,0.0,0.0,0.0,0.0,0.0,1.0,1.0,1.0,2.5,2.0,2.0,1.0,1.0,1.0,8.0,1.0,5.0,3.5,1.0,3.3,1.0,1.0,1.0,1.0,1.0,1.0,1.0,1.0,1.0,1.0,1.0,1.0,1.0
192,missile_he_bigly,1,1.0,1.0,1.0,1.0,1.0,1.0,1.0,1.0,1.0,1.0,1.0,1.0,1.0,1.0,1.0,1.0,1.0,1.0,1.0,1.0,1.0,1.0,1.0,1.0,1.0,1.0,1.0,1.0,1.0,1.0,1.0,1.0,1.0,1.0,1.0,1.0,1.0,1.0,1.0,1.0,1.0,1.0,1.0,8.0,1.0,1.0,1.0,1.0,1.0,1.0,1.0,1.0,1.0,1.0,1.0,1.0,1.0,1.0,1.0,1.0,1.0,1.0
193,sead_missile_wa,1,2.0,1.0,1.0,0.0,1.0,1.0,1.0,1.0,1.0,1.0,1.0,1.0,1.0,1.0,1.0,1.0,1.0,1.0,1.0,1.0,1.0,1.0,1.0,1.0,1.0,1.0,1.0,1.0,1.0,1.0,0.0,0.0,0.0,0.0,0.0,0.0,0.0,2.0,1.0,1.0,6.0,0.0,0.0,1.0,0.0,2.0,1.0,1.0,2.0,6.0,6.0,6.0,6.0,6.0,6.0,6.0,6.0,6.0,6.0,6.0,6.0,6.0
194,sead_missile_wa,2,4.0,2.0,1.0,0.0,2.0,1.0,1.0,1.0,1.0,1.0,1.0,1.0,1.0,1.0,1.0,1.0,1.0,1.0,1.0,1.0,1.0,1.0,1.0,1.0,1.0,1.0,1.0,1.0,1.0,1.0,1.0,1.0,1.0,1.0,0.0,0.0,0.0,4.0,2.0,1.0,6.0,0.0,0.0,4.0,4.0,4.0,2.0,1.0,4.0,6.0,6.0,6.0,6.0,6.0,6.0,6.0,6.0,6.0,6.0,6.0,6.0,6.0
195,sead_missile_wa,3,6.0,3.0,1.0,0.0,3.0,1.5,1.0,1.0,1.0,1.0,1.0,1.0,1.0,1.0,1.0,1.0,1.0,1.0,1.0,1.0,1.0,1.0,1.0,1.0,1.0,1.0,1.0,1.0,1.0,1.0,1.0,1.0,1.0,1.0,0.0,0.0,0.0,6.0,3.0,1.0,6.0,0.0,0.0,6.0,6.0,6.0,3.0,1.5,6.0,6.0,6.0,6.0,6.0,6.0,6.0,6.0,6.0,6.0,6.0,6.0,6.0,6.0
196,sead_missile_wa,4,8.0,4.0,1.0,0.0,4.0,2.0,1.5,1.0,1.0,1.0,1.0,1.0,1.0,1.0,1.0,1.0,1.0,1.0,1.0,1.0,1.0,1.0,1.0,1.0,1.0,1.0,1.0,1.0,1.0,1.0,1.0,1.0,1.0,1.0,0.0,0.0,0.0,8.0,4.0,1.0,6.0,0.0,0.0,8.0,8.0,8.0,4.0,2.0,8.0,6.0,6.0,6.0,6.0,6.0,6.0,6.0,6.0,6.0,6.0,6.0,6.0,6.0
197,sead_missile_wa,5,10.0,5.0,1.0,0.0,5.0,2.5,2.0,1.5,1.0,1.0,1.0,1.0,1.0,1.0,1.0,1.0,1.0,1.0,1.0,1.0,1.0,1.0,1.0,1.0,1.0,1.0,1.0,1.0,1.0,1.0,1.0,1.0,1.0,1.0,0.0,0.0,0.0,10.0,5.0,1.0,6.0,0.0,0.0,10.0,10.0,10.0,5.0,2.5,10.0,6.0,6.0,6.0,6.0,6.0,6.0,6.0,6.0,6.0,6.0,6.0,6.0,6.0
198,sead_missile_wa,6,12.0,6.0,1.0,0.0,6.0,3.0,2.5,2.0,1.5,1.0,1.0,1.0,1.0,1.0,1.0,1.0,1.0,1.0,1.0,1.0,1.0,1.0,1.0,1.0,1.0,1.0,1.0,1.0,1.0,1.0,1.0,1.0,1.0,1.0,0.0,0.0,0.0,12.0,6.0,1.0,6.0,0.0,0.0,12.0,12.0,12.0,6.0,3.0,12.0,6.0,6.0,6.0,6.0,6.0,6.0,6.0,6.0,6.0,6.0,6.0,6.0,6.0
199,sead_missile_wa,7,14.0,7.0,1.0,0.0,7.0,3.5,3.0,2.5,2.0,1.5,1.0,1.0,1.0,1.0,1.0,1.0,1.0,1.0,1.0,1.0,1.0,1.0,1.0,1.0,1.0,1.0,1.0,1.0,1.0,1.0,1.0,1.0,1.0,1.0,0.0,0.0,0.0,14.0,7.0,1.0,6.0,0.0,0.0,14.0,14.0,14.0,7.0,3.5,14.0,6.0,6.0,6.0,6.0,6.0,6.0,6.0,6.0,6.0,6.0,6.0,6.0,6.0
200,sead_missile_wa,8,16.0,8.0,1.0,0.0,8.0,4.0,3.5,3.0,2.5,2.0,1.5,1.0,1.0,1.0,1.0,1.0,1.0,1.0,1.0,1.0,1.0,1.0,1.0,1.0,1.0,1.0,1.0,1.0,1.0,1.0,1.0,1.0,1.0,1.0,0.0,0.0,0.0,16.0,8.0,1.0,6.0,0.0,0.0,16.0,16.0,16.0,8.0,4.0,16.0,6.0,6.0,6.0,6.0,6.0,6.0,6.0,6.0,6.0,6.0,6.0,6.0,6.0
201,sead_missile_wa,9,18.0,9.0,1.0,0.0,9.0,4.5,4.0,3.5,3.0,2.5,2.0,1.5,1.0,1.0,1.0,1.0,1.0,1.0,1.0,1.0,1.0,1.0,1.0,1.0,1.0,1.0,1.0,1.0,1.0,1.0,1.0,1.0,1.0,1.0,0.0,0.0,0.0,18.0,9.0,1.0,6.0,0.0,0.0,18.0,18.0,18.0,9.0,4.5,18.0,6.0,6.0,6.0,6.0,6.0,6.0,6.0,6.0,6.0,6.0,6.0,6.0,6.0
202,sead_missile_wa,10,20.0,10.0,1.0,0.0,10.0,5.0,4.5,4.0,3.5,3.0,2.5,2.0,1.5,1.0,1.0,1.0,1.0,1.0,1.0,1.0,1.0,1.0,1.0,1.0,1.0,1.0,1.0,1.0,1.0,1.0,1.0,1.0,1.0,1.0,0.0,0.0,0.0,20.0,10.0,1.0,6.0,0.0,0.0,20.0,20.0,20.0,10.0,5.0,20.0,6.0,6.0,6.0,6.0,6.0,6.0,6.0,6.0,6.0,6.0,6.0,6.0,6.0
203,sead_missile_wa,11,22.0,11.0,1.0,0.0,11.0,5.5,5.0,4.5,4.0,3.5,3.0,2.5,2.0,1.5,1.0,1.0,1.0,1.0,1.0,1.0,1.0,1.0,1.0,1.0,1.0,1.0,1.0,1.0,1.0,1.0,1.0,1.0,1.0,1.0,0.0,0.0,0.0,22.0,11.0,1.0,6.0,0.0,0.0,22.0,22.0,22.0,11.0,5.5,22.0,6.0,6.0,6.0,6.0,6.0,6.0,6.0,6.0,6.0,6.0,6.0,6.0,6.0
204,sead_missile_wa,12,24.0,12.0,1.0,0.0,12.0,6.0,5.5,5.0,4.5,4.0,3.5,3.0,2.5,2.0,1.5,1.0,1.0,1.0,1.0,1.0,1.0,1.0,1.0,1.0,1.0,1.0,1.0,1.0,1.0,1.0,1.0,1.0,1.0,1.0,0.0,0.0,0.0,24.0,12.0,1.0,6.0,0.0,0.0,24.0,24.0,24.0,12.0,12.0,24.0,6.0,6.0,6.0,6.0,6.0,6.0,6.0,6.0,6.0,6.0,6.0,6.0,6.0
205,sead_missile_wa,13,26.0,13.0,1.0,0.0,13.0,7.0,6.0,5.5,5.0,4.5,4.0,3.5,3.0,2.5,2.0,1.5,1.0,1.0,1.0,1.0,1.0,1.0,1.0,1.0,1.0,1.0,1.0,1.0,1.0,1.0,1.0,1.0,1.0,1.0,0.0,0.0,0.0,26.0,13.0,1.0,6.0,0.0,0.0,26.0,26.0,26.0,13.0,7.0,26.0,6.0,6.0,6.0,6.0,6.0,6.0,6.0,6.0,6.0,6.0,6.0,6.0,6.0
206,sead_missile_wa,14,28.0,14.0,1.0,0.0,14.0,8.0,7.0,6.0,5.5,5.0,4.5,4.0,3.5,3.0,2.5,2.0,1.5,1.0,1.0,1.0,1.0,1.0,1.0,1.0,1.0,1.0,1.0,1.0,1.0,1.0,1.0,1.0,1.0,1.0,0.0,0.0,0.0,28.0,14.0,1.0,6.0,0.0,0.0,28.0,28.0,28.0,14.0,8.0,28.0,6.0,6.0,6.0,6.0,6.0,6.0,6.0,6.0,6.0,6.0,6.0,6.0,6.0
207,sead_missile_wa,15,30.0,15.0,1.0,0.0,15.0,9.0,8.0,7.0,6.0,5.5,5.0,4.5,4.0,3.5,3.0,2.5,2.0,1.5,1.0,1.0,1.0,1.0,1.0,1.0,1.0,1.0,1.0,1.0,1.0,1.0,1.0,1.0,1.0,1.0,0.0,0.0,0.0,30.0,15.0,1.0,6.0,0.0,0.0,30.0,30.0,30.0,15.0,9.0,30.0,6.0,6.0,6.0,6.0,6.0,6.0,6.0,6.0,6.0,6.0,6.0,6.0,6.0
208,sead_missile_wa,16,32.0,16.0,1.0,0.0,16.0,10.0,9.0,8.0,7.0,6.0,5.5,5.0,4.5,4.0,3.5,3.0,2.5,2.0,1.5,1.0,1.0,1.0,1.0,1.0,1.0,1.0,1.0,1.0,1.0,1.0,1.0,1.0,1.0,1.0,0.0,0.0,0.0,32.0,16.0,1.0,6.0,0.0,0.0,32.0,32.0,32.0,16.0,10.0,32.0,6.0,6.0,6.0,6.0,6.0,6.0,6.0,6.0,6.0,6.0,6.0,6.0,6.0
209,sead_missile_wa,17,34.0,17.0,1.0,0.0,17.0,11.0,10.0,9.0,8.0,7.0,6.0,5.5,5.0,4.5,4.0,3.5,3.0,2.5,2.0,1.5,1.0,1.0,1.0,1.0,1.0,1.0,1.0,1.0,1.0,1.0,1.0,1.0,1.0,1.0,0.0,0.0,0.0,34.0,17.0,1.0,6.0,0.0,0.0,34.0,34.0,34.0,17.0,11.0,34.0,6.0,6.0,6.0,6.0,6.0,6.0,6.0,6.0,6.0,6.0,6.0,6.0,6.0
210,sead_missile_wa,18,36.0,18.0,1.0,0.0,18.0,12.0,11.0,10.0,9.0,8.0,7.0,6.0,5.5,5.0,4.5,4.0,3.5,3.0,2.5,2.0,1.5,1.0,1.0,1.0,1.0,1.0,1.0,1.0,1.0,1.0,1.0,1.0,1.0,1.0,0.0,0.0,0.0,36.0,18.0,1.0,6.0,0.0,0.0,36.0,36.0,36.0,18.0,12.0,36.0,6.0,6.0,6.0,6.0,6.0,6.0,6.0,6.0,6.0,6.0,6.0,6.0,6.0
211,sead_missile_wa,19,38.0,19.0,1.0,0.0,19.0,13.0,12.0,11.0,10.0,9.0,8.0,7.0,6.0,5.5,5.0,4.5,4.0,3.5,3.0,2.5,2.0,1.5,1.0,1.0,1.0,1.0,1.0,1.0,1.0,1.0,1.0,1.0,1.0,1.0,0.0,0.0,0.0,38.0,19.0,1.0,6.0,0.0,0.0,38.0,38.0,38.0,19.0,13.0,38.0,6.0,6.0,6.0,6.0,6.0,6.0,6.0,6.0,6.0,6.0,6.0,6.0,6.0
212,sead_missile_wa,20,40.0,20.0,1.0,0.0,20.0,14.0,13.0,12.0,11.0,10.0,9.0,8.0,7.0,6.0,5.5,5.0,4.5,4.0,3.5,3.0,2.5,2.0,1.5,1.0,1.0,1.0,1.0,1.0,1.0,1.0,1.0,1.0,1.0,1.0,0.0,0.0,0.0,40.0,20.0,1.0,6.0,0.0,0.0,40.0,40.0,40.0,20.0,14.0,40.0,6.0,6.0,6.0,6.0,6.0,6.0,6.0,6.0,6.0,6.0,6.0,6.0,6.0
213,sead_missile_wa,21,42.0,21.0,1.0,0.0,21.0,15.0,14.0,13.0,12.0,11.0,10.0,9.0,8.0,7.0,6.0,5.5,5.0,4.5,4.0,3.5,3.0,2.5,2.0,1.5,1.0,1.0,1.0,1.0,1.0,1.0,1.0,1.0,1.0,1.0,0.0,0.0,0.0,42.0,21.0,1.0,6.0,0.0,0.0,42.0,42.0,42.0,21.0,15.0,42.0,6.0,6.0,6.0,6.0,6.0,6.0,6.0,6.0,6.0,6.0,6.0,6.0,6.0
214,sead_missile_wa,22,44.0,22.0,1.0,0.0,22.0,16.0,15.0,14.0,13.0,12.0,11.0,10.0,9.0,8.0,7.0,6.0,5.5,5.0,4.5,4.0,3.5,3.0,2.5,2.0,1.5,1.0,1.0,1.0,1.0,1.0,1.0,1.0,1.0,1.0,0.0,0.0,0.0,44.0,22.0,1.0,6.0,0.0,0.0,44.0,44.0,44.0,22.0,16.0,44.0,6.0,6.0,6.0,6.0,6.0,6.0,6.0,6.0,6.0,6.0,6.0,6.0,6.0
215,sead_missile_wa,23,46.0,23.0,1.0,0.0,23.0,17.0,16.0,15.0,14.0,13.0,12.0,11.0,10.0,9.0,8.0,7.0,6.0,5.5,5.0,4.5,4.0,3.5,3.0,2.5,2.0,1.5,1.0,1.0,1.0,1.0,1.0,1.0,1.0,1.0,0.0,0.0,0.0,46.0,23.0,1.0,6.0,0.0,0.0,46.0,46.0,46.0,23.0,17.0,46.0,6.0,6.0,6.0,6.0,6.0,6.0,6.0,6.0,6.0,6.0,6.0,6.0,6.0
216,sead_missile_wa,24,48.0,24.0,1.0,0.0,24.0,18.0,17.0,16.0,15.0,14.0,13.0,12.0,11.0,10.0,9.0,8.0,7.0,6.0,5.5,5.0,4.5,4.0,3.5,3.0,2.5,2.0,1.5,1.0,1.0,1.0,1.0,1.0,1.0,1.0,0.0,0.0,0.0,48.0,24.0,1.0,6.0,0.0,0.0,48.0,48.0,48.0,24.0,18.0,48.0,6.0,6.0,6.0,6.0,6.0,6.0,6.0,6.0,6.0,6.0,6.0,6.0,6.0
217,sead_missile_wa,25,50.0,25.0,1.0,0.0,25.0,19.0,18.0,17.0,16.0,15.0,14.0,13.0,12.0,11.0,10.0,9.0,8.0,7.0,6.0,5.5,5.0,4.5,4.0,3.5,3.0,2.5,2.0,1.5,1.0,1.0,1.0,1.0,1.0,1.0,0.0,0.0,0.0,50.0,25.0,1.0,6.0,0.0,0.0,50.0,50.0,50.0,25.0,19.0,50.0,6.0,6.0,6.0,6.0,6.0,6.0,6.0,6.0,6.0,6.0,6.0,6.0,6.0
218,sead_missile_wa,26,52.0,26.0,1.0,0.0,26.0,20.0,19.0,18.0,17.0,16.0,15.0,14.0,13.0,12.0,11.0,10.0,9.0,8.0,7.0,6.0,5.5,5.0,4.5,4.0,3.5,3.0,2.5,2.0,1.5,1.0,1.0,1.0,1.0,1.0,0.0,0.0,0.0,52.0,26.0,1.0,6.0,0.0,0.0,52.0,52.0,52.0,26.0,20.0,52.0,6.0,6.0,6.0,6.0,6.0,6.0,6.0,6.0,6.0,6.0,6.0,6.0,6.0
219,sead_missile_wa,27,54.0,27.0,1.0,0.0,27.0,21.0,20.0,19.0,18.0,17.0,16.0,15.0,14.0,13.0,12.0,11.0,10.0,9.0,8.0,7.0,6.0,5.5,5.0,4.5,4.0,3.5,3.0,2.5,2.0,1.5,1.0,1.0,1.0,1.0,0.0,0.0,0.0,54.0,27.0,1.0,6.0,0.0,0.0,54.0,54.0,54.0,27.0,21.0,54.0,6.0,6.0,6.0,6.0,6.0,6.0,6.0,6.0,6.0,6.0,6.0,6.0,6.0
220,sead_missile_wa,28,56.0,28.0,1.0,0.0,28.0,22.0,21.0,20.0,19.0,18.0,17.0,16.0,15.0,14.0,13.0,12.0,11.0,10.0,9.0,8.0,7.0,6.0,5.5,5.0,4.5,4.0,3.5,3.0,2.5,2.0,1.5,1.0,1.0,1.0,0.0,0.0,0.0,56.0,28.0,1.0,6.0,0.0,0.0,56.0,56.0,56.0,28.0,22.0,56.0,6.0,6.0,6.0,6.0,6.0,6.0,6.0,6.0,6.0,6.0,6.0,6.0,6.0
221,sead_missile_wa,29,58.0,29.0,1.0,0.0,29.0,23.0,22.0,21.0,20.0,19.0,18.0,17.0,16.0,15.0,14.0,13.0,12.0,11.0,10.0,9.0,8.0,7.0,6.0,5.5,5.0,4.5,4.0,3.5,3.0,2.5,2.0,1.5,1.0,1.0,0.0,0.0,0.0,58.0,29.0,1.0,6.0,0.0,0.0,58.0,58.0,58.0,29.0,23.0,58.0,6.0,6.0,6.0,6.0,6.0,6.0,6.0,6.0,6.0,6.0,6.0,6.0,6.0
222,sead_missile_wa,30,60.0,30.0,1.0,0.0,30.0,24.0,23.0,22.0,21.0,20.0,19.0,18.0,17.0,16.0,15.0,14.0,13.0,12.0,11.0,10.0,9.0,8.0,7.0,6.0,5.5,5.0,4.5,4.0,3.5,3.0,2.5,2.0,1.5,1.0,0.0,0.0,0.0,60.0,30.0,1.0,6.0,0.0,0.0,60.0,60.0,60.0,30.0,24.0,60.0,6.0,6.0,6.0,6.0,6.0,6.0,6.0,6.0,6.0,6.0,6.0,6.0,6.0
223,sead_missile_wa,31,62.0,1.0,1.0,0.0,1.0,1.0,1.0,1.0,1.0,1.0,1.0,1.0,1.0,1.0,1.0,1.0,1.0,1.0,1.0,1.0,1.0,1.0,1.0,1.0,1.0,1.0,1.0,1.0,1.0,1.0,1.0,1.0,1.0,1.0,0.0,0.0,0.0,62.0,1.0,1.0,0.0,0.0,0.0,62.0,62.0,62.0,30.0,24.0,62.0,0.0,0.0,0.0,0.0,0.0,0.0,0.0,0.0,0.0,0.0,0.0,0.0,0.0
